ID	CATEGORY	CONTEXT	ENGLISH_SOURCE	RUSSIAN_EFFECTIVE	ORIGIN
SF-RU-0001	STATIC_UI_GAMEPLAY	menus, HUD, prompts and notifications	Map	КАРТА	proofread common catalogue
SF-RU-0002	STATIC_UI_GAMEPLAY	menus, HUD, prompts and notifications	Objectives	ЦЕЛИ	proofread common catalogue
SF-RU-0003	STATIC_UI_GAMEPLAY	menus, HUD, prompts and notifications	Parameters	УСЛОВИЯ	proofread common catalogue
SF-RU-0004	STATIC_UI_GAMEPLAY	menus, HUD, prompts and notifications	Briefing	БРИФИНГ	proofread common catalogue
SF-RU-0005	STATIC_UI_GAMEPLAY	menus, HUD, prompts and notifications	Weapons	ОРУЖИЕ	proofread common catalogue
SF-RU-0006	STATIC_UI_GAMEPLAY	menus, HUD, prompts and notifications	Options	НАСТРОЙКИ	proofread common catalogue
SF-RU-0007	STATIC_UI_GAMEPLAY	menus, HUD, prompts and notifications	Cheats	ЧИТЫ	proofread common catalogue
SF-RU-0008	STATIC_UI_GAMEPLAY	menus, HUD, prompts and notifications	All Weapons + Infinite Ammo	ВСЁ ОРУЖИЕ + БЕСК. ПАТРОНЫ	proofread common catalogue
SF-RU-0009	STATIC_UI_GAMEPLAY	menus, HUD, prompts and notifications	Hard Mode	ВЫСОКАЯ СЛОЖНОСТЬ	proofread common catalogue
SF-RU-0010	STATIC_UI_GAMEPLAY	menus, HUD, prompts and notifications	One-Shot Kills	УБИЙСТВО С ОДНОГО ВЫСТРЕЛА	proofread common catalogue
SF-RU-0011	STATIC_UI_GAMEPLAY	menus, HUD, prompts and notifications	Stage Select	ВЫБОР МИССИЙ	proofread common catalogue
SF-RU-0012	STATIC_UI_GAMEPLAY	menus, HUD, prompts and notifications	Weak Enemies	ОСЛАБЛЕННЫЕ ВРАГИ	proofread common catalogue
SF-RU-0013	STATIC_UI_GAMEPLAY	menus, HUD, prompts and notifications	Movie Theater	КИНОТЕАТР	proofread common catalogue
SF-RU-0014	STATIC_UI_GAMEPLAY	menus, HUD, prompts and notifications	Retail Codes	КОДЫ ОРИГИНАЛА	proofread common catalogue
SF-RU-0015	STATIC_UI_GAMEPLAY	menus, HUD, prompts and notifications	On	ВКЛ	proofread common catalogue
SF-RU-0016	STATIC_UI_GAMEPLAY	menus, HUD, prompts and notifications	Off	ВЫКЛ	proofread common catalogue
SF-RU-0017	STATIC_UI_GAMEPLAY	menus, HUD, prompts and notifications	%x toggle	%x ПЕРЕКЛЮЧИТЬ	proofread common catalogue
SF-RU-0018	STATIC_UI_GAMEPLAY	menus, HUD, prompts and notifications	Restart Mission	НАЧАТЬ ЗАНОВО	proofread common catalogue
SF-RU-0019	STATIC_UI_GAMEPLAY	menus, HUD, prompts and notifications	Restart At Last Checkpoint	С КОНТРОЛЬНОЙ ТОЧКИ	proofread common catalogue
SF-RU-0020	STATIC_UI_GAMEPLAY	menus, HUD, prompts and notifications	Quit Game	ВЫЙТИ ИЗ ИГРЫ	proofread common catalogue
SF-RU-0021	STATIC_UI_GAMEPLAY	menus, HUD, prompts and notifications	Select Mission	ВЫБОР МИССИИ	proofread common catalogue
SF-RU-0022	STATIC_UI_GAMEPLAY	menus, HUD, prompts and notifications	Sound	ЗВУК	proofread common catalogue
SF-RU-0023	STATIC_UI_GAMEPLAY	menus, HUD, prompts and notifications	Game Brightness	ЯРКОСТЬ ИГРЫ	proofread common catalogue
SF-RU-0024	STATIC_UI_GAMEPLAY	menus, HUD, prompts and notifications	Screen Centering	ПОЛОЖЕНИЕ ЭКРАНА	proofread common catalogue
SF-RU-0025	STATIC_UI_GAMEPLAY	menus, HUD, prompts and notifications	Controller	УПРАВЛЕНИЕ	proofread common catalogue
SF-RU-0026	STATIC_UI_GAMEPLAY	menus, HUD, prompts and notifications	Controller Configuration:	НАСТРОЙКА УПРАВЛЕНИЯ:	proofread common catalogue
SF-RU-0027	STATIC_UI_GAMEPLAY	menus, HUD, prompts and notifications	Controller Configuration	НАСТРОЙКА УПРАВЛЕНИЯ	proofread common catalogue
SF-RU-0028	STATIC_UI_GAMEPLAY	menus, HUD, prompts and notifications	Reset	СБРОСИТЬ	proofread common catalogue
SF-RU-0029	STATIC_UI_GAMEPLAY	menus, HUD, prompts and notifications	Accept	ПРИНЯТЬ	proofread common catalogue
SF-RU-0030	STATIC_UI_GAMEPLAY	menus, HUD, prompts and notifications	Cancel	ОТМЕНИТЬ	proofread common catalogue
SF-RU-0031	STATIC_UI_GAMEPLAY	menus, HUD, prompts and notifications	Load Game	ЗАГРУЗИТЬ ИГРУ	proofread common catalogue
SF-RU-0032	STATIC_UI_GAMEPLAY	menus, HUD, prompts and notifications	Slot	ЯЧЕЙКА	proofread common catalogue
SF-RU-0033	STATIC_UI_GAMEPLAY	menus, HUD, prompts and notifications	Empty	ПУСТО	proofread common catalogue
SF-RU-0034	STATIC_UI_GAMEPLAY	menus, HUD, prompts and notifications	Back	НАЗАД	proofread common catalogue
SF-RU-0035	STATIC_UI_GAMEPLAY	menus, HUD, prompts and notifications	Mission Complete	МИССИЯ ВЫПОЛНЕНА	proofread common catalogue
SF-RU-0036	STATIC_UI_GAMEPLAY	menus, HUD, prompts and notifications	MISSION COMPLETE	МИССИЯ ВЫПОЛНЕНА	proofread common catalogue
SF-RU-0037	STATIC_UI_GAMEPLAY	menus, HUD, prompts and notifications	Campaign Complete	КАМПАНИЯ ЗАВЕРШЕНА	proofread common catalogue
SF-RU-0038	STATIC_UI_GAMEPLAY	menus, HUD, prompts and notifications	CAMPAIGN COMPLETE	КАМПАНИЯ ЗАВЕРШЕНА	proofread common catalogue
SF-RU-0039	STATIC_UI_GAMEPLAY	menus, HUD, prompts and notifications	Campaign Completed	КАМПАНИЯ ЗАВЕРШЕНА	proofread common catalogue
SF-RU-0040	STATIC_UI_GAMEPLAY	menus, HUD, prompts and notifications	CAMPAIGN COMPLETED	КАМПАНИЯ ЗАВЕРШЕНА	proofread common catalogue
SF-RU-0041	STATIC_UI_GAMEPLAY	menus, HUD, prompts and notifications	Campaing Complete	КАМПАНИЯ ЗАВЕРШЕНА	proofread common catalogue
SF-RU-0042	STATIC_UI_GAMEPLAY	menus, HUD, prompts and notifications	CAMPAING COMPLETE	КАМПАНИЯ ЗАВЕРШЕНА	proofread common catalogue
SF-RU-0043	STATIC_UI_GAMEPLAY	menus, HUD, prompts and notifications	Campaing Completed	КАМПАНИЯ ЗАВЕРШЕНА	proofread common catalogue
SF-RU-0044	STATIC_UI_GAMEPLAY	menus, HUD, prompts and notifications	CAMPAING COMPLETED	КАМПАНИЯ ЗАВЕРШЕНА	proofread common catalogue
SF-RU-0045	STATIC_UI_GAMEPLAY	menus, HUD, prompts and notifications	Save Mission?	СОХРАНИТЬ ПРОГРЕСС?	proofread common catalogue
SF-RU-0046	STATIC_UI_GAMEPLAY	menus, HUD, prompts and notifications	Yes	ДА	proofread common catalogue
SF-RU-0047	STATIC_UI_GAMEPLAY	menus, HUD, prompts and notifications	No	НЕТ	proofread common catalogue
SF-RU-0048	STATIC_UI_GAMEPLAY	menus, HUD, prompts and notifications	Memory Card	КАРТА ПАМЯТИ	proofread common catalogue
SF-RU-0049	STATIC_UI_GAMEPLAY	menus, HUD, prompts and notifications	Choose a save slot	ВЫБЕРИТЕ ЯЧЕЙКУ СОХРАНЕНИЯ	proofread common catalogue
SF-RU-0050	STATIC_UI_GAMEPLAY	menus, HUD, prompts and notifications	Choose slot to use	ВЫБЕРИТЕ ЯЧЕЙКУ	proofread common catalogue
SF-RU-0051	STATIC_UI_GAMEPLAY	menus, HUD, prompts and notifications	--- Empty Slot ---	--- ПУСТАЯ ЯЧЕЙКА ---	proofread common catalogue
SF-RU-0052	STATIC_UI_GAMEPLAY	menus, HUD, prompts and notifications	Reading save data	ЧТЕНИЕ СОХРАНЕНИЙ	proofread common catalogue
SF-RU-0053	STATIC_UI_GAMEPLAY	menus, HUD, prompts and notifications	Invalid	НЕДОСТУПНО	proofread common catalogue
SF-RU-0054	STATIC_UI_GAMEPLAY	menus, HUD, prompts and notifications	Current Location	МЕСТОПОЛОЖЕНИЕ	proofread common catalogue
SF-RU-0055	STATIC_UI_GAMEPLAY	menus, HUD, prompts and notifications	Press %x to continue	НАЖМИТЕ %x, ЧТОБЫ ПРОДОЛЖИТЬ	proofread common catalogue
SF-RU-0056	STATIC_UI_GAMEPLAY	menus, HUD, prompts and notifications	%t exit menu	%t ВЫЙТИ ИЗ МЕНЮ	proofread common catalogue
SF-RU-0057	STATIC_UI_GAMEPLAY	menus, HUD, prompts and notifications	%t cancel	%t ОТМЕНИТЬ	proofread common catalogue
SF-RU-0058	STATIC_UI_GAMEPLAY	menus, HUD, prompts and notifications	%t back	%t НАЗАД	proofread common catalogue
SF-RU-0059	STATIC_UI_GAMEPLAY	menus, HUD, prompts and notifications	%t resume	%t ПРОДОЛЖИТЬ	proofread common catalogue
SF-RU-0060	STATIC_UI_GAMEPLAY	menus, HUD, prompts and notifications	%t close	%t ЗАКРЫТЬ	proofread common catalogue
SF-RU-0061	STATIC_UI_GAMEPLAY	menus, HUD, prompts and notifications	%x load	%x ЗАГРУЗИТЬ	proofread common catalogue
SF-RU-0062	STATIC_UI_GAMEPLAY	menus, HUD, prompts and notifications	%x save	%x СОХРАНИТЬ	proofread common catalogue
SF-RU-0063	STATIC_UI_GAMEPLAY	menus, HUD, prompts and notifications	%x full	%x НА ВЕСЬ ЭКРАН	proofread common catalogue
SF-RU-0064	STATIC_UI_GAMEPLAY	menus, HUD, prompts and notifications	%x equip	%x ВЫБРАТЬ	proofread common catalogue
SF-RU-0065	STATIC_UI_GAMEPLAY	menus, HUD, prompts and notifications	%x accept	%x ПРИНЯТЬ	proofread common catalogue
SF-RU-0066	STATIC_UI_GAMEPLAY	menus, HUD, prompts and notifications	%x next	%x ДАЛЕЕ	proofread common catalogue
SF-RU-0067	STATIC_UI_GAMEPLAY	menus, HUD, prompts and notifications	%x select	%x ВЫБРАТЬ	proofread common catalogue
SF-RU-0068	STATIC_UI_GAMEPLAY	menus, HUD, prompts and notifications	none	НЕТ	proofread common catalogue
SF-RU-0069	STATIC_UI_GAMEPLAY	menus, HUD, prompts and notifications	Mission Objectives:	ЦЕЛИ МИССИИ:	proofread common catalogue
SF-RU-0070	STATIC_UI_GAMEPLAY	menus, HUD, prompts and notifications	Mission Objectives	ЦЕЛИ МИССИИ	proofread common catalogue
SF-RU-0071	STATIC_UI_GAMEPLAY	menus, HUD, prompts and notifications	Completed Objectives:	ВЫПОЛНЕННЫЕ ЦЕЛИ:	proofread common catalogue
SF-RU-0072	STATIC_UI_GAMEPLAY	menus, HUD, prompts and notifications	Failed Objectives:	ПРОВАЛЕННЫЕ ЦЕЛИ:	proofread common catalogue
SF-RU-0073	STATIC_UI_GAMEPLAY	menus, HUD, prompts and notifications	Mission Parameters:	УСЛОВИЯ МИССИИ:	proofread common catalogue
SF-RU-0074	STATIC_UI_GAMEPLAY	menus, HUD, prompts and notifications	Mission Parameters	УСЛОВИЯ МИССИИ	proofread common catalogue
SF-RU-0075	STATIC_UI_GAMEPLAY	menus, HUD, prompts and notifications	Failed Parameters:	НАРУШЕННЫЕ УСЛОВИЯ:	proofread common catalogue
SF-RU-0076	STATIC_UI_GAMEPLAY	menus, HUD, prompts and notifications	Data Available	ДОСТУПНЫ ДАННЫЕ	proofread common catalogue
SF-RU-0077	STATIC_UI_GAMEPLAY	menus, HUD, prompts and notifications	Location Unknown	МЕСТОПОЛОЖЕНИЕ НЕИЗВЕСТНО	proofread common catalogue
SF-RU-0078	STATIC_UI_GAMEPLAY	menus, HUD, prompts and notifications	Custom	ПОЛЬЗОВАТЕЛЬСКАЯ	proofread common catalogue
SF-RU-0079	STATIC_UI_GAMEPLAY	menus, HUD, prompts and notifications	Alternate	АЛЬТЕРНАТИВНАЯ	proofread common catalogue
SF-RU-0080	STATIC_UI_GAMEPLAY	menus, HUD, prompts and notifications	Standard	СТАНДАРТНАЯ	proofread common catalogue
SF-RU-0081	STATIC_UI_GAMEPLAY	menus, HUD, prompts and notifications	Configuration	НАСТРОЙКИ	proofread common catalogue
SF-RU-0082	STATIC_UI_GAMEPLAY	menus, HUD, prompts and notifications	Select Mission - All	ВСЕ МИССИИ	proofread common catalogue
SF-RU-0083	STATIC_UI_GAMEPLAY	menus, HUD, prompts and notifications	No Reconnaissance	НЕТ ДАННЫХ КАРТЫ	proofread common catalogue
SF-RU-0084	STATIC_UI_GAMEPLAY	menus, HUD, prompts and notifications	No briefing data available	НЕТ ДАННЫХ БРИФИНГА	proofread common catalogue
SF-RU-0085	STATIC_UI_GAMEPLAY	menus, HUD, prompts and notifications	No weapon equipped	ОРУЖИЕ НЕ ВЫБРАНО	proofread common catalogue
SF-RU-0086	STATIC_UI_GAMEPLAY	menus, HUD, prompts and notifications	Press new button for action	НАЖМИТЕ НОВУЮ КНОПКУ	proofread common catalogue
SF-RU-0087	STATIC_UI_GAMEPLAY	menus, HUD, prompts and notifications	Adjust game lighting levels by moving bar up or down	ИЗМЕНИТЕ ЯРКОСТЬ КНОПКАМИ ВВЕРХ И ВНИЗ	proofread common catalogue
SF-RU-0088	STATIC_UI_GAMEPLAY	menus, HUD, prompts and notifications	Use directional buttons to center the image.	ПЕРЕМЕЩАЙТЕ ИЗОБРАЖЕНИЕ КНОПКАМИ НАПРАВЛЕНИЯ.	proofread common catalogue
SF-RU-0089	STATIC_UI_GAMEPLAY	menus, HUD, prompts and notifications	Brightness	ЯРКОСТЬ	proofread common catalogue
SF-RU-0090	STATIC_UI_GAMEPLAY	menus, HUD, prompts and notifications	Active	АКТИВНЫЕ	proofread common catalogue
SF-RU-0091	STATIC_UI_GAMEPLAY	menus, HUD, prompts and notifications	Completed	ВЫПОЛНЕНО	proofread common catalogue
SF-RU-0092	STATIC_UI_GAMEPLAY	menus, HUD, prompts and notifications	Sound FX	ЗВУКОВЫЕ ЭФФЕКТЫ	proofread common catalogue
SF-RU-0093	STATIC_UI_GAMEPLAY	menus, HUD, prompts and notifications	Music	МУЗЫКА	proofread common catalogue
SF-RU-0094	STATIC_UI_GAMEPLAY	menus, HUD, prompts and notifications	Voice-over	РЕЧЬ	proofread common catalogue
SF-RU-0095	STATIC_UI_GAMEPLAY	menus, HUD, prompts and notifications	Preset config	СХЕМА	proofread common catalogue
SF-RU-0096	STATIC_UI_GAMEPLAY	menus, HUD, prompts and notifications	Invert Aim	ИНВЕРСИЯ ПРИЦЕЛА	proofread common catalogue
SF-RU-0097	STATIC_UI_GAMEPLAY	menus, HUD, prompts and notifications	Vibration	ВИБРАЦИЯ	proofread common catalogue
SF-RU-0098	STATIC_UI_GAMEPLAY	menus, HUD, prompts and notifications	yes	ДА	proofread common catalogue
SF-RU-0099	STATIC_UI_GAMEPLAY	menus, HUD, prompts and notifications	no	НЕТ	proofread common catalogue
SF-RU-0100	STATIC_UI_GAMEPLAY	menus, HUD, prompts and notifications	Equipped	ВЫБРАНО	proofread common catalogue
SF-RU-0101	STATIC_UI_GAMEPLAY	menus, HUD, prompts and notifications	Selected	ВЫБРАНО	proofread common catalogue
SF-RU-0102	STATIC_UI_GAMEPLAY	menus, HUD, prompts and notifications	Power	МОЩНОСТЬ	proofread common catalogue
SF-RU-0103	STATIC_UI_GAMEPLAY	menus, HUD, prompts and notifications	Accuracy	ТОЧНОСТЬ	proofread common catalogue
SF-RU-0104	STATIC_UI_GAMEPLAY	menus, HUD, prompts and notifications	Fire Rate	ТЕМП ОГНЯ	proofread common catalogue
SF-RU-0105	STATIC_UI_GAMEPLAY	menus, HUD, prompts and notifications	Rate	ТЕМП ОГНЯ	proofread common catalogue
SF-RU-0106	STATIC_UI_GAMEPLAY	menus, HUD, prompts and notifications	Damage	УРОН	proofread common catalogue
SF-RU-0107	STATIC_UI_GAMEPLAY	menus, HUD, prompts and notifications	Ammo	ПАТРОНЫ	proofread common catalogue
SF-RU-0108	STATIC_UI_GAMEPLAY	menus, HUD, prompts and notifications	Ammo: 	ПАТРОНЫ: 	proofread common catalogue
SF-RU-0109	STATIC_UI_GAMEPLAY	menus, HUD, prompts and notifications	Clip Size	МАГАЗИН	proofread common catalogue
SF-RU-0110	STATIC_UI_GAMEPLAY	menus, HUD, prompts and notifications	Max Rounds	БОЕЗАПАС	proofread common catalogue
SF-RU-0111	STATIC_UI_GAMEPLAY	menus, HUD, prompts and notifications	N/A	Н/Д	proofread common catalogue
SF-RU-0112	STATIC_UI_GAMEPLAY	menus, HUD, prompts and notifications	Infinite	БЕСКОНЕЧНО	proofread common catalogue
SF-RU-0113	STATIC_UI_GAMEPLAY	menus, HUD, prompts and notifications	Mission Failed	МИССИЯ ПРОВАЛЕНА	proofread common catalogue
SF-RU-0114	STATIC_UI_GAMEPLAY	menus, HUD, prompts and notifications	Mission Parameter Failed	УСЛОВИЕ МИССИИ НАРУШЕНО	proofread common catalogue
SF-RU-0115	STATIC_UI_GAMEPLAY	menus, HUD, prompts and notifications	Mission Objective Failed	ЦЕЛЬ МИССИИ НЕ ВЫПОЛНЕНА	proofread common catalogue
SF-RU-0116	STATIC_UI_GAMEPLAY	menus, HUD, prompts and notifications	MISSION FAILED	МИССИЯ ПРОВАЛЕНА	proofread common catalogue
SF-RU-0117	STATIC_UI_GAMEPLAY	menus, HUD, prompts and notifications	FIRE OR ACTION TO RETRY	НАЖМИТЕ ОГОНЬ ИЛИ ДЕЙСТВИЕ	proofread common catalogue
SF-RU-0118	STATIC_UI_GAMEPLAY	menus, HUD, prompts and notifications	Objective	ЦЕЛЬ	proofread common catalogue
SF-RU-0119	STATIC_UI_GAMEPLAY	menus, HUD, prompts and notifications	Parameter	УСЛОВИЕ	proofread common catalogue
SF-RU-0120	STATIC_UI_GAMEPLAY	menus, HUD, prompts and notifications	Complete	ВЫПОЛНЕНО	proofread common catalogue
SF-RU-0121	STATIC_UI_GAMEPLAY	menus, HUD, prompts and notifications	Press START to see objectives	НАЖМИТЕ %t ДЛЯ ПРОСМОТРА ЦЕЛЕЙ	proofread common catalogue
SF-RU-0122	STATIC_UI_GAMEPLAY	menus, HUD, prompts and notifications	Playing on HARD difficulty	СЛОЖНОСТЬ: ВЫСОКАЯ	proofread common catalogue
SF-RU-0123	STATIC_UI_GAMEPLAY	menus, HUD, prompts and notifications	Target Lock	ЗАХВАТ ЦЕЛИ	proofread common catalogue
SF-RU-0124	STATIC_UI_GAMEPLAY	menus, HUD, prompts and notifications	Head Shot	ВЫСТРЕЛ В ГОЛОВУ	proofread common catalogue
SF-RU-0125	STATIC_UI_GAMEPLAY	menus, HUD, prompts and notifications	Checkpoint	КОНТРОЛЬНАЯ ТОЧКА	proofread common catalogue
SF-RU-0126	STATIC_UI_GAMEPLAY	menus, HUD, prompts and notifications	Briefing Updated	БРИФИНГ ОБНОВЛЁН	proofread common catalogue
SF-RU-0127	STATIC_UI_GAMEPLAY	menus, HUD, prompts and notifications	Objective Added	ДОБАВЛЕНА ЦЕЛЬ	proofread common catalogue
SF-RU-0128	STATIC_UI_GAMEPLAY	menus, HUD, prompts and notifications	Objective Complete	ЦЕЛЬ ВЫПОЛНЕНА	proofread common catalogue
SF-RU-0129	STATIC_UI_GAMEPLAY	menus, HUD, prompts and notifications	Objectives Incomplete	ЦЕЛИ НЕ ВЫПОЛНЕНЫ	proofread common catalogue
SF-RU-0130	STATIC_UI_GAMEPLAY	menus, HUD, prompts and notifications	Level alerted	ПОДНЯТА ТРЕВОГА	proofread common catalogue
SF-RU-0131	STATIC_UI_GAMEPLAY	menus, HUD, prompts and notifications	Electronically Locked	ЭЛЕКТРОННЫЙ ЗАМОК	proofread common catalogue
SF-RU-0132	STATIC_UI_GAMEPLAY	menus, HUD, prompts and notifications	Lock Code Required	ТРЕБУЕТСЯ КОД ДОСТУПА	proofread common catalogue
SF-RU-0133	STATIC_UI_GAMEPLAY	menus, HUD, prompts and notifications	Elevator Call Switch	КНОПКА ВЫЗОВА ЛИФТА	proofread common catalogue
SF-RU-0134	STATIC_UI_GAMEPLAY	menus, HUD, prompts and notifications	Power Switch	ВЫКЛЮЧАТЕЛЬ ПИТАНИЯ	proofread common catalogue
SF-RU-0135	STATIC_UI_GAMEPLAY	menus, HUD, prompts and notifications	No Target Available	НЕТ ДОСТУПНЫХ ЦЕЛЕЙ	proofread common catalogue
SF-RU-0136	STATIC_UI_GAMEPLAY	menus, HUD, prompts and notifications	Body Armor	БРОНЕЖИЛЕТ	proofread common catalogue
SF-RU-0137	STATIC_UI_GAMEPLAY	menus, HUD, prompts and notifications	Georgia Street	ДЖОРДЖИЯ-СТРИТ	proofread common catalogue
SF-RU-0138	STATIC_UI_GAMEPLAY	menus, HUD, prompts and notifications	Destroyed subway	РАЗРУШЕННОЕ МЕТРО	proofread common catalogue
SF-RU-0139	STATIC_UI_GAMEPLAY	menus, HUD, prompts and notifications	Main subway line	ГЛАВНАЯ ЛИНИЯ МЕТРО	proofread common catalogue
SF-RU-0140	STATIC_UI_GAMEPLAY	menus, HUD, prompts and notifications	Washington Park	ВАШИНГТОН-ПАРК	proofread common catalogue
SF-RU-0141	STATIC_UI_GAMEPLAY	menus, HUD, prompts and notifications	Freedom Memorial	МЕМОРИАЛ СВОБОДЫ	proofread common catalogue
SF-RU-0142	STATIC_UI_GAMEPLAY	menus, HUD, prompts and notifications	Expo Center Reception	ПРИЁМНАЯ ЭКСПОЦЕНТРА	proofread common catalogue
SF-RU-0143	STATIC_UI_GAMEPLAY	menus, HUD, prompts and notifications	Expo Center Dinorama	ДИНОРАМА ЭКСПОЦЕНТРА	proofread common catalogue
SF-RU-0144	STATIC_UI_GAMEPLAY	menus, HUD, prompts and notifications	Rhoemer's Base	БАЗА РОМЕРА	proofread common catalogue
SF-RU-0145	STATIC_UI_GAMEPLAY	menus, HUD, prompts and notifications	Base Bunker	БУНКЕР БАЗЫ	proofread common catalogue
SF-RU-0146	STATIC_UI_GAMEPLAY	menus, HUD, prompts and notifications	Base Tower	БАШНЯ БАЗЫ	proofread common catalogue
SF-RU-0147	STATIC_UI_GAMEPLAY	menus, HUD, prompts and notifications	Base Escape	ПОБЕГ С БАЗЫ	proofread common catalogue
SF-RU-0148	STATIC_UI_GAMEPLAY	menus, HUD, prompts and notifications	Rhoemer's Stronghold	КРЕПОСТЬ РОМЕРА	proofread common catalogue
SF-RU-0149	STATIC_UI_GAMEPLAY	menus, HUD, prompts and notifications	Stronghold lower level	НИЖНИЙ УРОВЕНЬ КРЕПОСТИ	proofread common catalogue
SF-RU-0150	STATIC_UI_GAMEPLAY	menus, HUD, prompts and notifications	Stronghold catacombs	КАТАКОМБЫ КРЕПОСТИ	proofread common catalogue
SF-RU-0151	STATIC_UI_GAMEPLAY	menus, HUD, prompts and notifications	PHARCOM warehouses	СКЛАДЫ ФАРКОМ	proofread common catalogue
SF-RU-0152	STATIC_UI_GAMEPLAY	menus, HUD, prompts and notifications	PHARCOM elite guards	ЭЛИТНАЯ ОХРАНА ФАРКОМ	proofread common catalogue
SF-RU-0153	STATIC_UI_GAMEPLAY	menus, HUD, prompts and notifications	Warehouse 76	СКЛАД 76	proofread common catalogue
SF-RU-0154	STATIC_UI_GAMEPLAY	menus, HUD, prompts and notifications	Silo access tunnels	ТОННЕЛИ К РАКЕТНОЙ ШАХТЕ	proofread common catalogue
SF-RU-0155	STATIC_UI_GAMEPLAY	menus, HUD, prompts and notifications	Tunnel blackout	ОБЕСТОЧЕННЫЕ ТОННЕЛИ	proofread common catalogue
SF-RU-0156	STATIC_UI_GAMEPLAY	menus, HUD, prompts and notifications	Missile Silo	РАКЕТНАЯ ШАХТА	proofread common catalogue
SF-RU-0157	STATIC_UI_GAMEPLAY	menus, HUD, prompts and notifications	C4 Explosives	ВЗРЫВЧАТКА С4	proofread gameplay catalogue
SF-RU-0158	STATIC_UI_GAMEPLAY	menus, HUD, prompts and notifications	Flak Jacket	БРОНЕЖИЛЕТ	proofread common catalogue
SF-RU-0159	STATIC_UI_GAMEPLAY	menus, HUD, prompts and notifications	Viral Scanner	ДЕТЕКТОР ВИРУСА	proofread common catalogue
SF-RU-0160	STATIC_UI_GAMEPLAY	menus, HUD, prompts and notifications	Flashlight	ФОНАРЬ	proofread gameplay catalogue
SF-RU-0161	STATIC_UI_GAMEPLAY	menus, HUD, prompts and notifications	Gas Grenade	ГАЗОВАЯ ГРАНАТА	proofread gameplay catalogue
SF-RU-0162	STATIC_UI_GAMEPLAY	menus, HUD, prompts and notifications	Sniper rifle	СНАЙПЕРСКАЯ ВИНТОВКА	proofread common catalogue
SF-RU-0163	STATIC_UI_GAMEPLAY	menus, HUD, prompts and notifications	Nightvision rifle	ВИНТОВКА С НОЧНЫМ ПРИЦЕЛОМ	proofread common catalogue
SF-RU-0164	STATIC_UI_GAMEPLAY	menus, HUD, prompts and notifications	Combat Shotgun	БОЕВОЙ ДРОБОВИК	proofread gameplay catalogue
SF-RU-0165	STATIC_UI_GAMEPLAY	menus, HUD, prompts and notifications	Silenced 9mm	9-ММ ПИСТОЛЕТ С ГЛУШИТЕЛЕМ	proofread gameplay catalogue
SF-RU-0166	STATIC_UI_GAMEPLAY	menus, HUD, prompts and notifications	ARMOR	БРОНЯ	proofread gameplay catalogue
SF-RU-0167	STATIC_UI_GAMEPLAY	menus, HUD, prompts and notifications	HEALTH	ЗДОРОВЬЕ	proofread gameplay catalogue
SF-RU-0168	STATIC_UI_GAMEPLAY	menus, HUD, prompts and notifications	DANGER	ОПАСНОСТЬ	proofread gameplay catalogue
SF-RU-0169	STATIC_UI_GAMEPLAY	menus, HUD, prompts and notifications	TARGET	ЦЕЛЬ	proofread gameplay catalogue
SF-RU-0170	STATIC_UI_GAMEPLAY	menus, HUD, prompts and notifications	HEAD SHOT	В ГОЛОВУ	proofread gameplay catalogue
SF-RU-0171	STATIC_UI_GAMEPLAY	menus, HUD, prompts and notifications	HEADSHOT	В ГОЛОВУ	proofread gameplay catalogue
SF-RU-0172	STATIC_UI_GAMEPLAY	menus, HUD, prompts and notifications	BOMB	БОМБА	proofread gameplay catalogue
SF-RU-0173	STATIC_UI_GAMEPLAY	menus, HUD, prompts and notifications	health	ЗДОРОВЬЕ	proofread gameplay catalogue
SF-RU-0174	STATIC_UI_GAMEPLAY	menus, HUD, prompts and notifications	armor	БРОНЯ	proofread gameplay catalogue
SF-RU-0175	STATIC_UI_GAMEPLAY	menus, HUD, prompts and notifications	danger	ОПАСНОСТЬ	proofread gameplay catalogue
SF-RU-0176	STATIC_UI_GAMEPLAY	menus, HUD, prompts and notifications	target	ЦЕЛЬ	proofread gameplay catalogue
SF-RU-0177	STATIC_UI_GAMEPLAY	menus, HUD, prompts and notifications	head	ГОЛОВА	proofread gameplay catalogue
SF-RU-0178	STATIC_UI_GAMEPLAY	menus, HUD, prompts and notifications	weapon	ОРУЖИЕ	proofread gameplay catalogue
SF-RU-0179	STATIC_UI_GAMEPLAY	menus, HUD, prompts and notifications	hand	РУКА	proofread gameplay catalogue
SF-RU-0180	STATIC_UI_GAMEPLAY	menus, HUD, prompts and notifications	body	ТЕЛО	proofread gameplay catalogue
SF-RU-0181	STATIC_UI_GAMEPLAY	menus, HUD, prompts and notifications	limb	КОНЕЧНОСТЬ	proofread gameplay catalogue
SF-RU-0182	STATIC_UI_GAMEPLAY	menus, HUD, prompts and notifications	Switch	ПЕРЕКЛЮЧАТЕЛЬ	proofread gameplay catalogue
SF-RU-0183	STATIC_UI_GAMEPLAY	menus, HUD, prompts and notifications	Bomb	БОМБА	proofread gameplay catalogue
SF-RU-0184	STATIC_UI_GAMEPLAY	menus, HUD, prompts and notifications	Locked	ЗАКРЫТО	proofread gameplay catalogue
SF-RU-0185	STATIC_UI_GAMEPLAY	menus, HUD, prompts and notifications	No Weapon	БЕЗ ОРУЖИЯ	proofread gameplay catalogue
SF-RU-0186	STATIC_UI_GAMEPLAY	menus, HUD, prompts and notifications	9mm	9 ММ	proofread gameplay catalogue
SF-RU-0187	STATIC_UI_GAMEPLAY	menus, HUD, prompts and notifications	9 mm	9 ММ	proofread gameplay catalogue
SF-RU-0188	STATIC_UI_GAMEPLAY	menus, HUD, prompts and notifications	.45	.45	proofread gameplay catalogue
SF-RU-0189	STATIC_UI_GAMEPLAY	menus, HUD, prompts and notifications	G-18	G-18	proofread gameplay catalogue
SF-RU-0190	STATIC_UI_GAMEPLAY	menus, HUD, prompts and notifications	Shotgun	ДРОБОВИК	proofread gameplay catalogue
SF-RU-0191	STATIC_UI_GAMEPLAY	menus, HUD, prompts and notifications	PK-102	PK-102	proofread gameplay catalogue
SF-RU-0192	STATIC_UI_GAMEPLAY	menus, HUD, prompts and notifications	M-16	M-16	proofread gameplay catalogue
SF-RU-0193	STATIC_UI_GAMEPLAY	menus, HUD, prompts and notifications	BIZ-2	BIZ-2	proofread gameplay catalogue
SF-RU-0194	STATIC_UI_GAMEPLAY	menus, HUD, prompts and notifications	HK-5	HK-5	proofread gameplay catalogue
SF-RU-0195	STATIC_UI_GAMEPLAY	menus, HUD, prompts and notifications	Nightvision Rifle	ВИНТОВКА С НОЧНЫМ ПРИЦЕЛОМ	proofread gameplay catalogue
SF-RU-0196	STATIC_UI_GAMEPLAY	menus, HUD, prompts and notifications	Sniper Rifle	СНАЙПЕРСКАЯ ВИНТОВКА	proofread gameplay catalogue
SF-RU-0197	STATIC_UI_GAMEPLAY	menus, HUD, prompts and notifications	Taser	ШОКЕР	proofread gameplay catalogue
SF-RU-0198	STATIC_UI_GAMEPLAY	menus, HUD, prompts and notifications	Flamethrower	ОГНЕМЁТ	proofread gameplay catalogue
SF-RU-0199	STATIC_UI_GAMEPLAY	menus, HUD, prompts and notifications	M-79	М-79	proofread gameplay catalogue
SF-RU-0200	STATIC_UI_GAMEPLAY	menus, HUD, prompts and notifications	K3G4	K3G4	proofread gameplay catalogue
SF-RU-0201	STATIC_UI_GAMEPLAY	menus, HUD, prompts and notifications	Virus Scanner	ДЕТЕКТОР ВИРУСА	proofread gameplay catalogue
SF-RU-0202	STATIC_UI_GAMEPLAY	menus, HUD, prompts and notifications	Grenade	ГРАНАТА	proofread gameplay catalogue
SF-RU-0203	STATIC_UI_GAMEPLAY	menus, HUD, prompts and notifications	Grenades	ГРАНАТЫ	proofread gameplay catalogue
SF-RU-0204	STATIC_UI_GAMEPLAY	menus, HUD, prompts and notifications	Granade	ГРАНАТА	proofread gameplay catalogue
SF-RU-0205	STATIC_UI_GAMEPLAY	menus, HUD, prompts and notifications	Granades	ГРАНАТЫ	proofread gameplay catalogue
SF-RU-0206	STATIC_UI_GAMEPLAY	menus, HUD, prompts and notifications	Gas Grenades	ГАЗОВЫЕ ГРАНАТЫ	proofread gameplay catalogue
SF-RU-0207	STATIC_UI_GAMEPLAY	menus, HUD, prompts and notifications	Gas Granade	ГАЗОВАЯ ГРАНАТА	proofread gameplay catalogue
SF-RU-0208	STATIC_UI_GAMEPLAY	menus, HUD, prompts and notifications	Gas Granades	ГАЗОВЫЕ ГРАНАТЫ	proofread gameplay catalogue
SF-RU-0209	STATIC_UI_GAMEPLAY	menus, HUD, prompts and notifications	Chopper Gun	БОРТОВОЙ ПУЛЕМЁТ	proofread gameplay catalogue
SF-RU-0210	STATIC_UI_GAMEPLAY	menus, HUD, prompts and notifications	Keycard	КЛЮЧ-КАРТА	proofread gameplay catalogue
SF-RU-0211	STATIC_UI_GAMEPLAY	menus, HUD, prompts and notifications	Cardkey	КЛЮЧ-КАРТА	proofread gameplay catalogue
SF-RU-0212	STATIC_UI_GAMEPLAY	menus, HUD, prompts and notifications	Viral Antigen	АНТИГЕН	proofread gameplay catalogue
SF-RU-0213	STATIC_UI_GAMEPLAY	menus, HUD, prompts and notifications	Antigen	АНТИГЕН	proofread gameplay catalogue
SF-RU-0214	STATIC_UI_GAMEPLAY	menus, HUD, prompts and notifications	Objective Updated	ЦЕЛЬ ОБНОВЛЕНА	proofread gameplay catalogue
SF-RU-0215	STATIC_UI_GAMEPLAY	menus, HUD, prompts and notifications	OBJECTIVE UPDATED	ЦЕЛЬ ОБНОВЛЕНА	proofread gameplay catalogue
SF-RU-0216	STATIC_UI_GAMEPLAY	menus, HUD, prompts and notifications	OBJECTIVE ADDED	ДОБАВЛЕНА ЦЕЛЬ	proofread gameplay catalogue
SF-RU-0217	STATIC_UI_GAMEPLAY	menus, HUD, prompts and notifications	BRIEFING UPDATED	БРИФИНГ ОБНОВЛЁН	proofread gameplay catalogue
SF-RU-0218	STATIC_UI_GAMEPLAY	menus, HUD, prompts and notifications	Mission locked	МИССИЯ ЗАКРЫТА	proofread gameplay catalogue
SF-RU-0219	STATIC_UI_GAMEPLAY	menus, HUD, prompts and notifications	Cannot change weapons while performing current action	СЕЙЧАС НЕЛЬЗЯ СМЕНИТЬ ОРУЖИЕ	proofread gameplay catalogue
SF-RU-0220	STATIC_UI_GAMEPLAY	menus, HUD, prompts and notifications	Controller missing. Please reinsert controller into controller port 1 and press the %t button to continue	КОНТРОЛЛЕР НЕ ПОДКЛЮЧЁН. ПОДКЛЮЧИТЕ ЕГО И НАЖМИТЕ %t	proofread gameplay catalogue
SF-RU-0221	STATIC_UI_GAMEPLAY	menus, HUD, prompts and notifications	Weapons - Ratings	ОРУЖИЕ - ХАРАКТЕРИСТИКИ	proofread gameplay catalogue
SF-RU-0222	STATIC_UI_GAMEPLAY	menus, HUD, prompts and notifications	Weapons - Description	ОРУЖИЕ - ОПИСАНИЕ	proofread gameplay catalogue
SF-RU-0223	STATIC_UI_GAMEPLAY	menus, HUD, prompts and notifications	No description available	НЕТ ОПИСАНИЯ	proofread gameplay catalogue
SF-RU-0224	STATIC_UI_GAMEPLAY	menus, HUD, prompts and notifications	No weapons available	НЕТ ОРУЖИЯ	proofread gameplay catalogue
SF-RU-0225	STATIC_UI_GAMEPLAY	menus, HUD, prompts and notifications	A/D page	A/D СТРАНИЦА	proofread gameplay catalogue
SF-RU-0226	STATIC_UI_GAMEPLAY	menus, HUD, prompts and notifications	W/S weapon	W/S ОРУЖИЕ	proofread gameplay catalogue
SF-RU-0227	STATIC_UI_GAMEPLAY	menus, HUD, prompts and notifications	A/D map	A/D КАРТА	proofread gameplay catalogue
SF-RU-0228	STATIC_UI_GAMEPLAY	menus, HUD, prompts and notifications	%x info	%x ИНФО	proofread gameplay catalogue
SF-RU-0229	STATIC_UI_GAMEPLAY	menus, HUD, prompts and notifications	%x Save	%x СОХРАНИТЬ	proofread gameplay catalogue
SF-RU-0230	STATIC_UI_GAMEPLAY	menus, HUD, prompts and notifications	%t Cancel	%t ОТМЕНА	proofread gameplay catalogue
SF-RU-0231	STATIC_UI_GAMEPLAY	menus, HUD, prompts and notifications	Do you really want to restart at the last checkpoint?	НАЧАТЬ С ПОСЛЕДНЕЙ КОНТРОЛЬНОЙ ТОЧКИ?	proofread gameplay catalogue
SF-RU-0232	STATIC_UI_GAMEPLAY	menus, HUD, prompts and notifications	Do you really want to restart this mission?	НАЧАТЬ МИССИЮ ЗАНОВО?	proofread gameplay catalogue
SF-RU-0233	STATIC_UI_GAMEPLAY	menus, HUD, prompts and notifications	Do you really want to abort this game?	ВЫЙТИ ИЗ ТЕКУЩЕЙ ИГРЫ?	proofread gameplay catalogue
SF-RU-0234	STATIC_UI_GAMEPLAY	menus, HUD, prompts and notifications	Pause	ПАУЗА	proofread gameplay catalogue
SF-RU-0235	STATIC_UI_GAMEPLAY	menus, HUD, prompts and notifications	Confirmation	ПОДТВЕРЖДЕНИЕ	proofread gameplay catalogue
SF-RU-0236	STATIC_UI_GAMEPLAY	menus, HUD, prompts and notifications	Notification	УВЕДОМЛЕНИЕ	proofread gameplay catalogue
SF-RU-0237	STATIC_UI_GAMEPLAY	menus, HUD, prompts and notifications	Unknown	НЕИЗВЕСТНО	proofread gameplay catalogue
SF-RU-0238	STATIC_UI_GAMEPLAY	menus, HUD, prompts and notifications	Change Weapon	СМЕНА ОРУЖИЯ	proofread gameplay catalogue
SF-RU-0239	STATIC_UI_GAMEPLAY	menus, HUD, prompts and notifications	Shoot	ОГОНЬ	proofread gameplay catalogue
SF-RU-0240	STATIC_UI_GAMEPLAY	menus, HUD, prompts and notifications	Kneel	ПРИСЕСТЬ	proofread gameplay catalogue
SF-RU-0241	STATIC_UI_GAMEPLAY	menus, HUD, prompts and notifications	Roll/Zoom Out	КУВЫРОК/ОТДАЛИТЬ	proofread gameplay catalogue
SF-RU-0242	STATIC_UI_GAMEPLAY	menus, HUD, prompts and notifications	Step Right	ШАГ ВПРАВО	proofread gameplay catalogue
SF-RU-0243	STATIC_UI_GAMEPLAY	menus, HUD, prompts and notifications	Step Left	ШАГ ВЛЕВО	proofread gameplay catalogue
SF-RU-0244	STATIC_UI_GAMEPLAY	menus, HUD, prompts and notifications	Use/Zoom In	ДЕЙСТВИЕ/ПРИБЛИЗИТЬ	proofread gameplay catalogue
SF-RU-0245	STATIC_UI_GAMEPLAY	menus, HUD, prompts and notifications	Aim	ПРИЦЕЛ	proofread gameplay catalogue
SF-RU-0246	STATIC_UI_GAMEPLAY	menus, HUD, prompts and notifications	Acknowledge	ПОДТВЕРДИТЬ	proofread gameplay catalogue
SF-RU-0247	STATIC_UI_GAMEPLAY	menus, HUD, prompts and notifications	Mara Aramov	МАРА АРАМОВА	proofread gameplay catalogue
SF-RU-0248	STATIC_UI_GAMEPLAY	menus, HUD, prompts and notifications	Aramov	АРАМОВА	proofread gameplay catalogue
SF-RU-0249	STATIC_UI_GAMEPLAY	menus, HUD, prompts and notifications	Anton Girdeux	АНТОН ГИРДО	proofread gameplay catalogue
SF-RU-0250	STATIC_UI_GAMEPLAY	menus, HUD, prompts and notifications	Girdeux	ГИРДО	proofread gameplay catalogue
SF-RU-0251	STATIC_UI_GAMEPLAY	menus, HUD, prompts and notifications	Gabriel Logan	ГАБРИЭЛЬ ГЕЙБ ЛОГАН	proofread gameplay catalogue
SF-RU-0252	STATIC_UI_GAMEPLAY	menus, HUD, prompts and notifications	Gabe Logan	ГЕЙБ ЛОГАН	proofread gameplay catalogue
SF-RU-0253	STATIC_UI_GAMEPLAY	menus, HUD, prompts and notifications	Gabe	ГЕЙБ	proofread gameplay catalogue
SF-RU-0254	STATIC_UI_GAMEPLAY	menus, HUD, prompts and notifications	Lian Xing	ЛИАН СИН	proofread gameplay catalogue
SF-RU-0255	STATIC_UI_GAMEPLAY	menus, HUD, prompts and notifications	Lian	ЛИАН СИН	proofread gameplay catalogue
SF-RU-0256	STATIC_UI_GAMEPLAY	menus, HUD, prompts and notifications	Jonathan Phagan	ДЖОНАТАН ФЭЙГАН	proofread gameplay catalogue
SF-RU-0257	STATIC_UI_GAMEPLAY	menus, HUD, prompts and notifications	Phagan	ФЭЙГАН	proofread gameplay catalogue
SF-RU-0258	STATIC_UI_GAMEPLAY	menus, HUD, prompts and notifications	Erich Rhoemer	ЭРИХ РОМЕР	proofread gameplay catalogue
SF-RU-0259	STATIC_UI_GAMEPLAY	menus, HUD, prompts and notifications	Rhoemer	РОМЕР	proofread gameplay catalogue
SF-RU-0260	STATIC_UI_GAMEPLAY	menus, HUD, prompts and notifications	Jorge Marcos	ХОРХЕ МАРКОС	proofread gameplay catalogue
SF-RU-0261	STATIC_UI_GAMEPLAY	menus, HUD, prompts and notifications	Pavel Kravitch	ПАВЕЛ КРАВИЧ	proofread gameplay catalogue
SF-RU-0262	STATIC_UI_GAMEPLAY	menus, HUD, prompts and notifications	Thomas Markinson	ТОМАС МАРКИНСОН	proofread gameplay catalogue
SF-RU-0263	STATIC_UI_GAMEPLAY	menus, HUD, prompts and notifications	Markinson	ТОМАС МАРКИНСОН	proofread gameplay catalogue
SF-RU-0264	STATIC_UI_GAMEPLAY	menus, HUD, prompts and notifications	Edward Benton	ЭДВАРД БЕНТОН	proofread gameplay catalogue
SF-RU-0265	STATIC_UI_GAMEPLAY	menus, HUD, prompts and notifications	CBDC Agent	АГЕНТ ХИМЗАЩИТЫ	proofread gameplay catalogue
SF-RU-0266	STATIC_UI_GAMEPLAY	menus, HUD, prompts and notifications	Communications array	АНТЕННА СВЯЗИ	proofread gameplay catalogue
SF-RU-0267	STATIC_UI_GAMEPLAY	menus, HUD, prompts and notifications	Computer	КОМПЬЮТЕР	proofread gameplay catalogue
SF-RU-0268	STATIC_UI_GAMEPLAY	menus, HUD, prompts and notifications	Elevator	ЛИФТ	proofread gameplay catalogue
SF-RU-0269	STATIC_UI_GAMEPLAY	menus, HUD, prompts and notifications	Message	СООБЩЕНИЕ	proofread gameplay catalogue
SF-RU-0270	STATIC_UI_GAMEPLAY	menus, HUD, prompts and notifications	Plant beacon	УСТАНОВИТЬ МАЯК	proofread gameplay catalogue
SF-RU-0271	STATIC_UI_GAMEPLAY	menus, HUD, prompts and notifications	Viral detector	ДЕТЕКТОР ВИРУСА	proofread gameplay catalogue
SF-RU-0272	STATIC_UI_GAMEPLAY	menus, HUD, prompts and notifications	remaining	ОСТАЛОСЬ	proofread gameplay catalogue
SF-RU-0273	STATIC_UI_GAMEPLAY	menus, HUD, prompts and notifications	Press %s to Contact %s	НАЖМИТЕ %x, ЧТОБЫ СВЯЗАТЬСЯ С ЛИАН	proofread gameplay catalogue
SF-RU-0274	STATIC_UI_GAMEPLAY	menus, HUD, prompts and notifications	%s undamaged	БРОНЕЖИЛЕТ НЕ ПОВРЕЖДЁН	proofread gameplay catalogue
SF-RU-0275	STATIC_UI_GAMEPLAY	menus, HUD, prompts and notifications	Complete Objectives	ВЫПОЛНИТЬ ЦЕЛИ	proofread gameplay catalogue
SF-RU-0276	STATIC_UI_GAMEPLAY	menus, HUD, prompts and notifications	Debug Display	ОТЛАДОЧНЫЙ ЭКРАН	proofread gameplay catalogue
SF-RU-0277	STATIC_UI_GAMEPLAY	menus, HUD, prompts and notifications	End Level	ЗАВЕРШИТЬ УРОВЕНЬ	proofread gameplay catalogue
SF-RU-0278	STATIC_UI_GAMEPLAY	menus, HUD, prompts and notifications	NPCs on Radar	ПЕРСОНАЖИ НА РАДАРЕ	proofread gameplay catalogue
SF-RU-0279	STATIC_UI_GAMEPLAY	menus, HUD, prompts and notifications	Poly Debug	ОТЛАДКА ПОЛИГОНОВ	proofread gameplay catalogue
SF-RU-0280	STATIC_UI_GAMEPLAY	menus, HUD, prompts and notifications	Resurrect Gabriel	ВОСКРЕСИТЬ ГЕЙБА	proofread gameplay catalogue
SF-RU-0281	STATIC_UI_GAMEPLAY	menus, HUD, prompts and notifications	Select Level	ВЫБОР УРОВНЯ	proofread gameplay catalogue
SF-RU-0282	STATIC_UI_GAMEPLAY	menus, HUD, prompts and notifications	To first zoom point	К ПЕРВОЙ ТОЧКЕ МАСШТАБА	proofread gameplay catalogue
SF-RU-0283	STATIC_UI_GAMEPLAY	menus, HUD, prompts and notifications	To second zoom point	КО ВТОРОЙ ТОЧКЕ МАСШТАБА	proofread gameplay catalogue
SF-RU-0284	STATIC_UI_GAMEPLAY	menus, HUD, prompts and notifications	Toggle CObj drawing	ПЕРЕКЛЮЧИТЬ ОТРИСОВКУ ОБЪЕКТОВ	proofread gameplay catalogue
SF-RU-0285	STATIC_UI_GAMEPLAY	menus, HUD, prompts and notifications	New York City	НЬЮ-ЙОРК	proofread gameplay catalogue
SF-RU-0286	STATIC_UI_GAMEPLAY	menus, HUD, prompts and notifications	Washington DC	ВАШИНГТОН, ОКРУГ КОЛУМБИЯ	proofread gameplay catalogue
SF-RU-0287	STATIC_UI_GAMEPLAY	menus, HUD, prompts and notifications	Almaty, Kazakhstan	АЛМАТЫ, КАЗАХСТАН	proofread gameplay catalogue
SF-RU-0288	STATIC_UI_GAMEPLAY	menus, HUD, prompts and notifications	Rozovka, Kazakhstan	РОЗОВКА, КАЗАХСТАН	proofread gameplay catalogue
SF-RU-0289	STATIC_UI_GAMEPLAY	menus, HUD, prompts and notifications	Uzhhorod, Ukraine	УЖГОРОД, УКРАИНА	proofread gameplay catalogue
SF-RU-0290	STATIC_UI_GAMEPLAY	menus, HUD, prompts and notifications	Overwrite existing files?	ПЕРЕЗАПИСАТЬ СУЩЕСТВУЮЩИЕ ФАЙЛЫ?	proofread gameplay catalogue
SF-RU-0291	STATIC_UI_GAMEPLAY	menus, HUD, prompts and notifications	This MEMORY CARD is full.  Syphon Filter requires one block on the MEMORY CARD.  You will not be able to save your game to this MEMORY CARD.  Continue anyway?	КАРТА ПАМЯТИ ЗАПОЛНЕНА. ДЛЯ СОХРАНЕНИЯ НУЖЕН ОДИН СВОБОДНЫЙ БЛОК. ПРОДОЛЖИТЬ БЕЗ СОХРАНЕНИЯ?	proofread gameplay catalogue
SF-RU-0292	STATIC_UI_GAMEPLAY	menus, HUD, prompts and notifications	Lots o' Bullets	МНОГО ПАТРОНОВ	proofread gameplay catalogue
SF-RU-0293	STATIC_UI_GAMEPLAY	menus, HUD, prompts and notifications	stereo	СТЕРЕО	proofread gameplay catalogue
SF-RU-0294	STATIC_UI_GAMEPLAY	menus, HUD, prompts and notifications	diagnostic: ok	ДИАГНОСТИКА: НОРМА	proofread gameplay catalogue
SF-RU-0295	STATIC_UI_GAMEPLAY	menus, HUD, prompts and notifications	power: ok	ПИТАНИЕ: НОРМА	proofread gameplay catalogue
SF-RU-0296	STATIC_UI_GAMEPLAY	menus, HUD, prompts and notifications	Status: ok	СОСТОЯНИЕ: НОРМА	proofread gameplay catalogue
SF-RU-0297	STATIC_UI_GAMEPLAY	menus, HUD, prompts and notifications	Scope Pwr On	ПРИЦЕЛ ВКЛЮЧЁН	proofread gameplay catalogue
SF-RU-0298	STATIC_UI_GAMEPLAY	menus, HUD, prompts and notifications	on body	НА ТЕЛЕ	proofread gameplay catalogue
SF-RU-0299	STATIC_UI_GAMEPLAY	menus, HUD, prompts and notifications	Paul is dead.	ПОЛ МЁРТВ.	proofread gameplay catalogue
SF-RU-0300	STATIC_UI_GAMEPLAY	menus, HUD, prompts and notifications	Turn off power to terminal security doors	ОТКЛЮЧИТЬ ПИТАНИЕ ДВЕРЕЙ ТЕРМИНАЛА	proofread gameplay catalogue
SF-RU-0301	STATIC_UI_GAMEPLAY	menus, HUD, prompts and notifications	Locate explosives cache	НАЙТИ СКЛАД ВЗРЫВЧАТКИ	proofread gameplay catalogue
SF-RU-0302	STATIC_UI_GAMEPLAY	menus, HUD, prompts and notifications	Do not kill Aramov	НЕ УБИВАТЬ МАРУ АРАМОВУ	proofread gameplay catalogue
SF-RU-0303	STATIC_UI_GAMEPLAY	menus, HUD, prompts and notifications	Tag bomb in terminal	ПОМЕТИТЬ БОМБУ В ТЕРМИНАЛЕ	proofread gameplay catalogue
SF-RU-0304	STATIC_UI_GAMEPLAY	menus, HUD, prompts and notifications	Protect CBDC bomb squad	ЗАЩИТИТЬ САПЁРОВ ХИМЗАЩИТЫ	proofread gameplay catalogue
SF-RU-0305	STATIC_UI_GAMEPLAY	menus, HUD, prompts and notifications	Eliminate Kravitch and destroy comm. array	ЛИКВИДИРОВАТЬ ПАВЛА КРАВИЧА И УНИЧТОЖИТЬ АНТЕННУ СВЯЗИ	proofread gameplay catalogue
SF-RU-0306	STATIC_UI_GAMEPLAY	menus, HUD, prompts and notifications	Avoid damaging viral delivery systems or explosive bombs	НЕ ПОВРЕДИТЬ СИСТЕМЫ ДОСТАВКИ ВИРУСА И ВЗРЫВНЫЕ УСТРОЙСТВА	proofread gameplay catalogue
SF-RU-0307	STATIC_UI_GAMEPLAY	menus, HUD, prompts and notifications	Do not eliminate any CBDC agent	НЕ УБИВАТЬ АГЕНТОВ ХИМЗАЩИТЫ	proofread gameplay catalogue
SF-RU-0308	STATIC_UI_GAMEPLAY	menus, HUD, prompts and notifications	Kravitch	ПАВЕЛ КРАВИЧ	proofread gameplay catalogue
SF-RU-0309	STATIC_UI_GAMEPLAY	menus, HUD, prompts and notifications	Blow open passage to street and protect CBDC agent	ВЗОРВАТЬ ПРОХОД НА УЛИЦУ И ЗАЩИТИТЬ АГЕНТА ХИМЗАЩИТЫ	proofread gameplay catalogue
SF-RU-0310	STATIC_UI_GAMEPLAY	menus, HUD, prompts and notifications	Do not damage any bomb	НЕ ПОВРЕДИТЬ БОМБЫ	proofread gameplay catalogue
SF-RU-0311	STATIC_UI_GAMEPLAY	menus, HUD, prompts and notifications	Do not kill any CBDC agent	НЕ УБИВАТЬ АГЕНТОВ ХИМЗАЩИТЫ	proofread gameplay catalogue
SF-RU-0312	STATIC_UI_GAMEPLAY	menus, HUD, prompts and notifications	C4 taken	ВЗРЫВЧАТКА С4 ВЗЯТА	proofread gameplay catalogue
SF-RU-0313	STATIC_UI_GAMEPLAY	menus, HUD, prompts and notifications	Need Explosives	НУЖНА ВЗРЫВЧАТКА	proofread gameplay catalogue
SF-RU-0314	STATIC_UI_GAMEPLAY	menus, HUD, prompts and notifications	Blocked Passage	ПРОХОД ЗАВАЛЕН	proofread gameplay catalogue
SF-RU-0315	STATIC_UI_GAMEPLAY	menus, HUD, prompts and notifications	Gas Mains	ГАЗОВАЯ МАГИСТРАЛЬ	proofread gameplay catalogue
SF-RU-0316	STATIC_UI_GAMEPLAY	menus, HUD, prompts and notifications	Gas Mains Closed	ГАЗ ПЕРЕКРЫТ	proofread gameplay catalogue
SF-RU-0317	STATIC_UI_GAMEPLAY	menus, HUD, prompts and notifications	Bomb Detonated	БОМБА ВЗОРВАНА	proofread gameplay catalogue
SF-RU-0318	STATIC_UI_GAMEPLAY	menus, HUD, prompts and notifications	Eliminate Aramov	ЛИКВИДИРОВАТЬ МАРУ АРАМОВУ	proofread gameplay catalogue
SF-RU-0319	STATIC_UI_GAMEPLAY	menus, HUD, prompts and notifications	Do not use grenades or train lines may be damaged	НЕ ИСПОЛЬЗОВАТЬ ГРАНАТЫ: МОЖНО ПОВРЕДИТЬ ПУТИ	proofread gameplay catalogue
SF-RU-0320	STATIC_UI_GAMEPLAY	menus, HUD, prompts and notifications	Reach Freedom Memorial	ДОБРАТЬСЯ ДО МЕМОРИАЛА СВОБОДЫ	proofread gameplay catalogue
SF-RU-0321	STATIC_UI_GAMEPLAY	menus, HUD, prompts and notifications	Eliminate trigger man Marcos	ЛИКВИДИРОВАТЬ ПОДРЫВНИКА ХОРХЕ МАРКОСА	proofread gameplay catalogue
SF-RU-0322	STATIC_UI_GAMEPLAY	menus, HUD, prompts and notifications	Secure terrorist comm. array	ВЗЯТЬ ПОД КОНТРОЛЬ АНТЕННУ СВЯЗИ ТЕРРОРИСТОВ	proofread gameplay catalogue
SF-RU-0323	STATIC_UI_GAMEPLAY	menus, HUD, prompts and notifications	Rescue CBDC hostages	ОСВОБОДИТЬ ЗАЛОЖНИКОВ ХИМЗАЩИТЫ	proofread gameplay catalogue
SF-RU-0324	STATIC_UI_GAMEPLAY	menus, HUD, prompts and notifications	Do not damage the comm. array	НЕ ПОВРЕДИТЬ АНТЕННУ СВЯЗИ	proofread gameplay catalogue
SF-RU-0325	STATIC_UI_GAMEPLAY	menus, HUD, prompts and notifications	All bombs must be defused in under 20 minutes	ОБЕЗВРЕДИТЬ ВСЕ БОМБЫ МЕНЕЕ ЧЕМ ЗА 20 МИНУТ	proofread gameplay catalogue
SF-RU-0326	STATIC_UI_GAMEPLAY	menus, HUD, prompts and notifications	Do not kill any member of the strike team	НЕ УБИВАТЬ БОЙЦОВ ШТУРМОВОЙ ГРУППЫ	proofread gameplay catalogue
SF-RU-0327	STATIC_UI_GAMEPLAY	menus, HUD, prompts and notifications	Locate and disarm %d%s viral bomb%s	НАЙТИ И ОБЕЗВРЕДИТЬ ВИРУСНЫЕ БОМБЫ: %d	proofread gameplay catalogue
SF-RU-0328	STATIC_UI_GAMEPLAY	menus, HUD, prompts and notifications	them	ИХ	proofread gameplay catalogue
SF-RU-0329	STATIC_UI_GAMEPLAY	menus, HUD, prompts and notifications	%d Bomb%s Remaining	ОСТАЛОСЬ БОМБ: %d	proofread gameplay catalogue
SF-RU-0330	STATIC_UI_GAMEPLAY	menus, HUD, prompts and notifications	Communications array damaged	АНТЕННА СВЯЗИ ПОВРЕЖДЕНА	proofread gameplay catalogue
SF-RU-0331	STATIC_UI_GAMEPLAY	menus, HUD, prompts and notifications	Marcos	ХОРХЕ МАРКОС	proofread gameplay catalogue
SF-RU-0332	STATIC_UI_GAMEPLAY	menus, HUD, prompts and notifications	Kill Girdeux	ЛИКВИДИРОВАТЬ АНТОНА ГИРДО	proofread gameplay catalogue
SF-RU-0333	STATIC_UI_GAMEPLAY	menus, HUD, prompts and notifications	Do not use grenades or Girdeux's bomb may be damaged	НЕ ИСПОЛЬЗОВАТЬ ГРАНАТЫ: МОЖНО ПОВРЕДИТЬ БОМБУ АНТОНА ГИРДО	proofread gameplay catalogue
SF-RU-0334	STATIC_UI_GAMEPLAY	menus, HUD, prompts and notifications	Capture Phagan alive	ЗАХВАТИТЬ ДЖОНАТАНА ФЭЙГАНА ЖИВЫМ	proofread gameplay catalogue
SF-RU-0335	STATIC_UI_GAMEPLAY	menus, HUD, prompts and notifications	Shadow Phagan to secret meeting	ПРОСЛЕДИТЬ ЗА ДЖОНАТАНОМ ФЭЙГАНОМ ДО ТАЙНОЙ ВСТРЕЧИ	proofread gameplay catalogue
SF-RU-0336	STATIC_UI_GAMEPLAY	menus, HUD, prompts and notifications	Do not allow yourself to be spotted until you reach the meeting.  Do not shoot Phagan.	НЕ ПОПАДАТЬСЯ НА ГЛАЗА ДО МЕСТА ВСТРЕЧИ. НЕ СТРЕЛЯТЬ В ДЖОНАТАНА ФЭЙГАНА	proofread gameplay catalogue
SF-RU-0337	STATIC_UI_GAMEPLAY	menus, HUD, prompts and notifications	Benton	ЭДВАРД БЕНТОН	proofread gameplay catalogue
SF-RU-0338	STATIC_UI_GAMEPLAY	menus, HUD, prompts and notifications	Gate Control Panel	ПУЛЬТ УПРАВЛЕНИЯ ВОРОТАМИ	proofread gameplay catalogue
SF-RU-0339	STATIC_UI_GAMEPLAY	menus, HUD, prompts and notifications	Capture Aramov and Phagan alive	ЗАХВАТИТЬ МАРУ АРАМОВУ И ДЖОНАТАНА ФЭЙГАНА ЖИВЫМИ	proofread gameplay catalogue
SF-RU-0340	STATIC_UI_GAMEPLAY	menus, HUD, prompts and notifications	Do not allow Phagan to die	НЕ ДАТЬ ДЖОНАТАНУ ФЭЙГАНУ ПОГИБНУТЬ	proofread gameplay catalogue
SF-RU-0341	STATIC_UI_GAMEPLAY	menus, HUD, prompts and notifications	Escape through main gate	ВЫЙТИ ЧЕРЕЗ ГЛАВНЫЕ ВОРОТА	proofread gameplay catalogue
SF-RU-0342	STATIC_UI_GAMEPLAY	menus, HUD, prompts and notifications	Reach missile bunker	ДОБРАТЬСЯ ДО РАКЕТНОГО БУНКЕРА	proofread gameplay catalogue
SF-RU-0343	STATIC_UI_GAMEPLAY	menus, HUD, prompts and notifications	Disable power to motion sensors	ОТКЛЮЧИТЬ ПИТАНИЕ ДАТЧИКОВ ДВИЖЕНИЯ	proofread gameplay catalogue
SF-RU-0344	STATIC_UI_GAMEPLAY	menus, HUD, prompts and notifications	Eliminate Gabrek and collect cardkey	ЛИКВИДИРОВАТЬ ГАБРЕКА И ЗАБРАТЬ КЛЮЧ-КАРТУ	proofread gameplay catalogue
SF-RU-0345	STATIC_UI_GAMEPLAY	menus, HUD, prompts and notifications	Get out of base before timer runs out on explosives	ПОКИНУТЬ БАЗУ ДО ВЗРЫВА ЗАРЯДОВ	proofread gameplay catalogue
SF-RU-0346	STATIC_UI_GAMEPLAY	menus, HUD, prompts and notifications	Do not damage the missiles	НЕ ПОВРЕДИТЬ РАКЕТЫ	proofread gameplay catalogue
SF-RU-0347	STATIC_UI_GAMEPLAY	menus, HUD, prompts and notifications	Do not damage the explosive charges	НЕ ПОВРЕДИТЬ ВЗРЫВНЫЕ ЗАРЯДЫ	proofread gameplay catalogue
SF-RU-0348	STATIC_UI_GAMEPLAY	menus, HUD, prompts and notifications	Reach comm. building roof	ДОБРАТЬСЯ ДО КРЫШИ ЦЕНТРА СВЯЗИ	proofread gameplay catalogue
SF-RU-0349	STATIC_UI_GAMEPLAY	menus, HUD, prompts and notifications	Plant C4 charges at %d%s fuel tank%s	УСТАНОВИТЬ С4 НА ТОПЛИВНЫЕ ЦИСТЕРНЫ: %d	proofread gameplay catalogue
SF-RU-0350	STATIC_UI_GAMEPLAY	menus, HUD, prompts and notifications	Catalog %d%s enemy missile%s	ЗАРЕГИСТРИРОВАТЬ РАКЕТЫ: %d	proofread gameplay catalogue
SF-RU-0351	STATIC_UI_GAMEPLAY	menus, HUD, prompts and notifications	 more	 ЕЩЁ	proofread gameplay catalogue
SF-RU-0352	STATIC_UI_GAMEPLAY	menus, HUD, prompts and notifications	Gabrek	ГАБРЕК	proofread gameplay catalogue
SF-RU-0353	STATIC_UI_GAMEPLAY	menus, HUD, prompts and notifications	Place explosive here	УСТАНОВИТЬ ЗАРЯД ЗДЕСЬ	proofread gameplay catalogue
SF-RU-0354	STATIC_UI_GAMEPLAY	menus, HUD, prompts and notifications	%d more explosive%s to plant	ОСТАЛОСЬ УСТАНОВИТЬ ЗАРЯДОВ: %d	proofread gameplay catalogue
SF-RU-0355	STATIC_UI_GAMEPLAY	menus, HUD, prompts and notifications	Motion Sensor Power	ПИТАНИЕ ДАТЧИКОВ ДВИЖЕНИЯ	proofread gameplay catalogue
SF-RU-0356	STATIC_UI_GAMEPLAY	menus, HUD, prompts and notifications	Missile Access Control	КОНТРОЛЬ ДОСТУПА К РАКЕТАМ	proofread gameplay catalogue
SF-RU-0357	STATIC_UI_GAMEPLAY	menus, HUD, prompts and notifications	Missile Access Initiated	ДОСТУП К РАКЕТАМ ОТКРЫТ	proofread gameplay catalogue
SF-RU-0358	STATIC_UI_GAMEPLAY	menus, HUD, prompts and notifications	SS-23 Missile	РАКЕТА SS-23	proofread gameplay catalogue
SF-RU-0359	STATIC_UI_GAMEPLAY	menus, HUD, prompts and notifications	Missile indexed.\n%d remaining	РАКЕТА ЗАРЕГИСТРИРОВАНА\nОСТАЛОСЬ: %d	proofread gameplay catalogue
SF-RU-0360	STATIC_UI_GAMEPLAY	menus, HUD, prompts and notifications	Shoot down attack helicopter	СБИТЬ БОЕВОЙ ВЕРТОЛЁТ	proofread gameplay catalogue
SF-RU-0361	STATIC_UI_GAMEPLAY	menus, HUD, prompts and notifications	Disable radar tracking	ОТКЛЮЧИТЬ РАДАР СОПРОВОЖДЕНИЯ	proofread gameplay catalogue
SF-RU-0362	STATIC_UI_GAMEPLAY	menus, HUD, prompts and notifications	Radar Tracking Override.	УПРАВЛЕНИЕ РАДАРОМ ПЕРЕХВАЧЕНО	proofread gameplay catalogue
SF-RU-0363	STATIC_UI_GAMEPLAY	menus, HUD, prompts and notifications	Find entrance to catacombs	НАЙТИ ВХОД В КАТАКОМБЫ	proofread gameplay catalogue
SF-RU-0364	STATIC_UI_GAMEPLAY	menus, HUD, prompts and notifications	Do not kill any human test subjects	НЕ УБИВАТЬ ПОДОПЫТНЫХ	proofread gameplay catalogue
SF-RU-0365	STATIC_UI_GAMEPLAY	menus, HUD, prompts and notifications	Eliminate Rhoemer's %d%s scientist%s	ЛИКВИДИРОВАТЬ УЧЁНЫХ ЭРИХА РОМЕРА: %d	proofread gameplay catalogue
SF-RU-0366	STATIC_UI_GAMEPLAY	menus, HUD, prompts and notifications	Administer antigen to %d%s test subject%s	ВВЕСТИ АНТИГЕН ПОДОПЫТНЫМ: %d	proofread gameplay catalogue
SF-RU-0367	STATIC_UI_GAMEPLAY	menus, HUD, prompts and notifications	%d scientist%s left to kill	ОСТАЛОСЬ УЧЁНЫХ: %d	proofread gameplay catalogue
SF-RU-0368	STATIC_UI_GAMEPLAY	menus, HUD, prompts and notifications	Antigen administered\n%d subject%s remaining	АНТИГЕН ВВЕДЁН\nОСТАЛОСЬ ПОДОПЫТНЫХ: %d	proofread gameplay catalogue
SF-RU-0369	STATIC_UI_GAMEPLAY	menus, HUD, prompts and notifications	Test Subject	ПОДОПЫТНЫЙ	proofread gameplay catalogue
SF-RU-0370	STATIC_UI_GAMEPLAY	menus, HUD, prompts and notifications	Door lock	ЗАМОК ДВЕРИ	proofread gameplay catalogue
SF-RU-0371	STATIC_UI_GAMEPLAY	menus, HUD, prompts and notifications	Door unlocked	ДВЕРЬ ОТКРЫТА	proofread gameplay catalogue
SF-RU-0372	STATIC_UI_GAMEPLAY	menus, HUD, prompts and notifications	Get Lian Xing out of the catacombs	ВЫВЕСТИ ЛИАН СИН ИЗ КАТАКОМБ	proofread gameplay catalogue
SF-RU-0373	STATIC_UI_GAMEPLAY	menus, HUD, prompts and notifications	Follow Phagan to Lian Xing's cell	ПРОСЛЕДИТЬ ЗА ДЖОНАТАНОМ ФЭЙГАНОМ ДО КАМЕРЫ ЛИАН СИН	proofread gameplay catalogue
SF-RU-0374	STATIC_UI_GAMEPLAY	menus, HUD, prompts and notifications	Find Phagan	НАЙТИ ДЖОНАТАНА ФЭЙГАНА	proofread gameplay catalogue
SF-RU-0375	STATIC_UI_GAMEPLAY	menus, HUD, prompts and notifications	Do not allow Lian Xing to die	ЗАЩИТИТЬ ЛИАН СИН	proofread gameplay catalogue
SF-RU-0376	STATIC_UI_GAMEPLAY	menus, HUD, prompts and notifications	Do not leave Phagan unguarded or allow him to die	НЕ ОСТАВЛЯТЬ ДЖОНАТАНА ФЭЙГАНА БЕЗ ОХРАНЫ И НЕ ДАТЬ ЕМУ ПОГИБНУТЬ	proofread gameplay catalogue
SF-RU-0377	STATIC_UI_GAMEPLAY	menus, HUD, prompts and notifications	Do not be spotted until the scientist has opened Phagan's cell	НЕ ПОПАДАТЬСЯ НА ГЛАЗА, ПОКА УЧЁНЫЙ НЕ ОТКРОЕТ КАМЕРУ ДЖОНАТАНА ФЭЙГАНА	proofread gameplay catalogue
SF-RU-0378	STATIC_UI_GAMEPLAY	menus, HUD, prompts and notifications	Get to warehouse 76	ДОБРАТЬСЯ ДО СКЛАДА 76	proofread gameplay catalogue
SF-RU-0379	STATIC_UI_GAMEPLAY	menus, HUD, prompts and notifications	Turn off power to electric fences	ОТКЛЮЧИТЬ ПИТАНИЕ ЭЛЕКТРИЧЕСКИХ ОГРАЖДЕНИЙ	proofread gameplay catalogue
SF-RU-0380	STATIC_UI_GAMEPLAY	menus, HUD, prompts and notifications	Find and interrogate Erikson	НАЙТИ И ДОПРОСИТЬ ЭРИКСОНА	proofread gameplay catalogue
SF-RU-0381	STATIC_UI_GAMEPLAY	menus, HUD, prompts and notifications	Do not kill Erikson before you've gotten the computer codes	НЕ УБИВАТЬ ЭРИКСОНА ДО ПОЛУЧЕНИЯ КОДОВ	proofread gameplay catalogue
SF-RU-0382	STATIC_UI_GAMEPLAY	menus, HUD, prompts and notifications	Get to freight elevator	ДОБРАТЬСЯ ДО ГРУЗОВОГО ЛИФТА	proofread gameplay catalogue
SF-RU-0383	STATIC_UI_GAMEPLAY	menus, HUD, prompts and notifications	Get out before the building collapses in 15 minutes	ПОКИНУТЬ ЗДАНИЕ ЗА 15 МИНУТ, ДО ЕГО ОБРУШЕНИЯ	proofread gameplay catalogue
SF-RU-0384	STATIC_UI_GAMEPLAY	menus, HUD, prompts and notifications	Locate and tag %d%s viral carrier%s	НАЙТИ И ПОМЕТИТЬ НОСИТЕЛЕЙ ВИРУСА: %d	proofread gameplay catalogue
SF-RU-0385	STATIC_UI_GAMEPLAY	menus, HUD, prompts and notifications	Viral carrier tagged. %d remaining	НОСИТЕЛЬ ПОМЕЧЕН. ОСТАЛОСЬ: %d	proofread gameplay catalogue
SF-RU-0386	STATIC_UI_GAMEPLAY	menus, HUD, prompts and notifications	Erikson	ЭРИКСОН	proofread gameplay catalogue
SF-RU-0387	STATIC_UI_GAMEPLAY	menus, HUD, prompts and notifications	Shut down power room	ОТКЛЮЧИТЬ ЭНЕРГОБЛОК	proofread gameplay catalogue
SF-RU-0388	STATIC_UI_GAMEPLAY	menus, HUD, prompts and notifications	Reroute power to elevator	ПЕРЕНАПРАВИТЬ ПИТАНИЕ НА ЛИФТ	proofread gameplay catalogue
SF-RU-0389	STATIC_UI_GAMEPLAY	menus, HUD, prompts and notifications	Access missile command computer	ПОЛУЧИТЬ ДОСТУП К КОМПЬЮТЕРУ УПРАВЛЕНИЯ РАКЕТОЙ	proofread gameplay catalogue
SF-RU-0390	STATIC_UI_GAMEPLAY	menus, HUD, prompts and notifications	Retrieve missile destruct codes	ПОЛУЧИТЬ КОДЫ САМОУНИЧТОЖЕНИЯ РАКЕТЫ	proofread gameplay catalogue
SF-RU-0391	STATIC_UI_GAMEPLAY	menus, HUD, prompts and notifications	Command computer must be accessed within 3 minutes after launch	ПОЛУЧИТЬ ДОСТУП К КОМПЬЮТЕРУ В ТЕЧЕНИЕ 3 МИНУТ ПОСЛЕ ЗАПУСКА	proofread gameplay catalogue
SF-RU-0392	STATIC_UI_GAMEPLAY	menus, HUD, prompts and notifications	Destruct codes must be retrieved before the missile launches	ПОЛУЧИТЬ КОДЫ ДО ЗАПУСКА РАКЕТЫ	proofread gameplay catalogue
SF-RU-0393	STATIC_UI_GAMEPLAY	menus, HUD, prompts and notifications	Do not shoot at the missile	НЕ СТРЕЛЯТЬ ПО РАКЕТЕ	proofread gameplay catalogue
SF-RU-0394	STATIC_UI_GAMEPLAY	menus, HUD, prompts and notifications	Find missile silo	НАЙТИ РАКЕТНУЮ ШАХТУ	proofread gameplay catalogue
SF-RU-0395	STATIC_UI_GAMEPLAY	menus, HUD, prompts and notifications	No Power	НЕТ ПИТАНИЯ	proofread gameplay catalogue
SF-RU-0396	STATIC_UI_GAMEPLAY	menus, HUD, prompts and notifications	Power Relay	СИЛОВОЕ РЕЛЕ	proofread gameplay catalogue
SF-RU-0397	STATIC_UI_GAMEPLAY	menus, HUD, prompts and notifications	Elevator Control Panel	ПУЛЬТ УПРАВЛЕНИЯ ЛИФТОМ	proofread gameplay catalogue
SF-RU-0398	STATIC_UI_GAMEPLAY	menus, HUD, prompts and notifications	Elevator activated	ЛИФТ ВКЛЮЧЁН	proofread gameplay catalogue
SF-RU-0399	STATIC_UI_GAMEPLAY	menus, HUD, prompts and notifications	Control Panel	ПУЛЬТ УПРАВЛЕНИЯ	proofread gameplay catalogue
SF-RU-0400	STATIC_UI_GAMEPLAY	menus, HUD, prompts and notifications	Safety Released	БЛОКИРОВКА СНЯТА	proofread gameplay catalogue
SF-RU-0401	STATIC_UI_GAMEPLAY	menus, HUD, prompts and notifications	Need missile codes	НУЖНЫ КОДЫ САМОУНИЧТОЖЕНИЯ РАКЕТЫ	proofread gameplay catalogue
SF-RU-0402	STATIC_UI_GAMEPLAY	menus, HUD, prompts and notifications	R-9 Devyatka Missile	РАКЕТА R-9 ДЕВЯТКА	proofread gameplay catalogue
SF-RU-0403	STATIC_UI_GAMEPLAY	menus, HUD, prompts and notifications	Command Computer	КОМПЬЮТЕР УПРАВЛЕНИЯ	proofread gameplay catalogue
SF-RU-0404	STATIC_UI_GAMEPLAY	menus, HUD, prompts and notifications	The 9mm handgun is the standard issue side-arm for NATO and all five branches of the US armed forces since passing the 1979 MRBF (Mean Rounds Before operational Failure) performance test, expending 35,000 rounds, six times the pistol's service life.	9-ММ ПИСТОЛЕТ - ШТАТНОЕ ЛИЧНОЕ ОРУЖИЕ НАТО И ВСЕХ ПЯТИ РОДОВ ВОЙСК США. В 1979 ГОДУ ОН ПРОШЁЛ ИСПЫТАНИЕ НА НАДЁЖНОСТЬ, ВЫДЕРЖАВ 35 000 ВЫСТРЕЛОВ - ВШЕСТЕРО БОЛЬШЕ РАСЧЁТНОГО РЕСУРСА.	proofread gameplay catalogue
SF-RU-0405	STATIC_UI_GAMEPLAY	menus, HUD, prompts and notifications	This tough, durable pistol has been in production for almost a century. It has tremendous stopping power, and in spite of it's strong recoil and heavy slide and bolt, in the hands of a seasoned professional, it is a deadly weapon.	ЭТОТ ПРОЧНЫЙ И НАДЁЖНЫЙ ПИСТОЛЕТ ВЫПУСКАЕТСЯ ПОЧТИ СТО ЛЕТ. ОН ОБЛАДАЕТ ОГРОМНОЙ ОСТАНАВЛИВАЮЩЕЙ СИЛОЙ. НЕСМОТРЯ НА СИЛЬНУЮ ОТДАЧУ И ТЯЖЁЛЫЙ ЗАТВОР, В РУКАХ ОПЫТНОГО СТРЕЛКА ЭТО СМЕРТОНОСНОЕ ОРУЖИЕ.	proofread gameplay catalogue
SF-RU-0406	STATIC_UI_GAMEPLAY	menus, HUD, prompts and notifications	With a rate of fire topping 60 rounds per second, the G-18 is perhaps the most deadly pistol-machinegun in the world. It's only weakness is it's tendency to expend ammunition faster than most shooters are prepared for, leaving them defenseless during a reload.	СКОРОСТРЕЛЬНОСТЬ G-18 ПРЕВЫШАЕТ 60 ВЫСТРЕЛОВ В СЕКУНДУ, ЧТО ДЕЛАЕТ ЕГО ОДНИМ ИЗ САМЫХ ОПАСНЫХ АВТОМАТИЧЕСКИХ ПИСТОЛЕТОВ В МИРЕ. ЕГО ЕДИНСТВЕННЫЙ НЕДОСТАТОК - БОЕПРИПАСЫ КОНЧАЮТСЯ ТАК БЫСТРО, ЧТО СТРЕЛОК ОСТАЁТСЯ БЕЗЗАЩИТНЫМ ВО ВРЕМЯ ПЕРЕЗАРЯДКИ.	proofread gameplay catalogue
SF-RU-0407	STATIC_UI_GAMEPLAY	menus, HUD, prompts and notifications	The overly heavy recoil of this 12 gauge shotgun is more than compensated for by it's unparalleled stopping power and its recoil-inertia operation which is significantly faster than the gas operated system found in most autoloading shotguns.	ЧРЕЗМЕРНАЯ ОТДАЧА ЭТОГО РУЖЬЯ 12-ГО КАЛИБРА КОМПЕНСИРУЕТСЯ НЕПРЕВЗОЙДЁННОЙ ОСТАНАВЛИВАЮЩЕЙ СИЛОЙ. ИНЕРЦИОННАЯ АВТОМАТИКА РАБОТАЕТ ЗНАЧИТЕЛЬНО БЫСТРЕЕ ГАЗООТВОДНОЙ СИСТЕМЫ БОЛЬШИНСТВА САМОЗАРЯДНЫХ РУЖЕЙ.	proofread gameplay catalogue
SF-RU-0408	STATIC_UI_GAMEPLAY	menus, HUD, prompts and notifications	The 12-gauge modified choke shotgun is standard issue for the DEA, FBI and USSS. In firing tests using tactical 00 shot with nine lead on an ISCP regulation target at 25 yards, the payload was delivered into the "A" kill zone with limited collateral damage.	РУЖЬЁ 12-ГО КАЛИБРА СО СМЕННЫМ ДУЛЬНЫМ СУЖЕНИЕМ СОСТОИТ НА ВООРУЖЕНИИ АНТИНАРКОТИЧЕСКОГО УПРАВЛЕНИЯ, ФБР И СЕКРЕТНОЙ СЛУЖБЫ США. НА ИСПЫТАНИЯХ КАРТЕЧЬ УВЕРЕННО ПОРАЖАЛА УБОЙНУЮ ЗОНУ МИШЕНИ С 25 ЯРДОВ, НЕ НАНОСЯ ЛИШНЕГО УЩЕРБА.	proofread gameplay catalogue
SF-RU-0409	STATIC_UI_GAMEPLAY	menus, HUD, prompts and notifications	A variant of the popular Vokinhsilak system (one of the most widely used and modified designs in the world) the PK102 is a compact, lightweight, full assault rifle that is easy to conceal, making it a popular choice for terrorists.	PK-102 - КОМПАКТНЫЙ ВАРИАНТ СИСТЕМЫ КАЛАШНИКОВА, ОДНОЙ ИЗ САМЫХ РАСПРОСТРАНЁННЫХ И ЧАСТО МОДИФИЦИРУЕМЫХ В МИРЕ. ЭТА КОМПАКТНАЯ И ЛЁГКАЯ ШТУРМОВАЯ ВИНТОВКА, КОТОРУЮ ЛЕГКО СПРЯТАТЬ, ПОЭТОМУ ОНА ПОЛЬЗУЕТСЯ СПРОСОМ У ТЕРРОРИСТОВ.	proofread gameplay catalogue
SF-RU-0410	STATIC_UI_GAMEPLAY	menus, HUD, prompts and notifications	This weapon is lightweight, accurate, and has very low recoil. The preeminent assault rifle in the world, it was developed by the US Army in 1965, and has since become a mainstay for armed forces, police, and personal defense enthusiasts.	ЭТА ВИНТОВКА ЛЕГКАЯ, ТОЧНАЯ И ПОЧТИ НЕ ИМЕЕТ ОТДАЧИ. M-16 БЫЛА РАЗРАБОТАНА ДЛЯ АРМИИ США В 1965 ГОДУ И СТАЛА ОДНОЙ ИЗ ГЛАВНЫХ ШТУРМОВЫХ ВИНТОВОК ВООРУЖЁННЫХ СИЛ, ПОЛИЦИИ И ГРАЖДАНСКИХ СТРЕЛКОВ.	proofread gameplay catalogue
SF-RU-0411	STATIC_UI_GAMEPLAY	menus, HUD, prompts and notifications	This pistol-machine gun is designed to deliver sustained firepower in tight quarters. The unconventional design of its large capacity magazine keeps the weapon compact but still provides a near-bottomless source of ammunition.	ЭТОТ ПИСТОЛЕТ-ПУЛЕМЁТ СОЗДАН ДЛЯ ДЛИТЕЛЬНОГО ОГНЯ В ТЕСНЫХ ПОМЕЩЕНИЯХ. НЕОБЫЧНАЯ КОНСТРУКЦИЯ ВМЕСТИТЕЛЬНОГО МАГАЗИНА СОХРАНЯЕТ КОМПАКТНОСТЬ ОРУЖИЯ И ОБЕСПЕЧИВАЕТ ПОЧТИ НЕИСЧЕРПАЕМЫЙ БОЕЗАПАС.	proofread gameplay catalogue
SF-RU-0412	STATIC_UI_GAMEPLAY	menus, HUD, prompts and notifications	The HK5's modular design and small size makes it very popular with both military special forces and terrorists. With over 23 officially recognized variants, it is fast becoming the most widely used pistol-machine gun in the world.	МОДУЛЬНАЯ КОНСТРУКЦИЯ И НЕБОЛЬШИЕ РАЗМЕРЫ HK-5 СДЕЛАЛИ ЕГО ПОПУЛЯРНЫМ КАК У ВОЕННОГО СПЕЦНАЗА, ТАК И У ТЕРРОРИСТОВ. СУЩЕСТВУЕТ БОЛЕЕ 23 ОФИЦИАЛЬНЫХ ВАРИАНТОВ, И ЭТОТ ПИСТОЛЕТ-ПУЛЕМЁТ БЫСТРО СТАНОВИТСЯ ОДНИМ ИЗ САМЫХ РАСПРОСТРАНЁННЫХ В МИРЕ.	proofread gameplay catalogue
SF-RU-0413	STATIC_UI_GAMEPLAY	menus, HUD, prompts and notifications	A Russian rifle capable of high accuracy, it is often used by Russian Army snipers. It excels in engaging fleeting, moving, open and masked single targets. This model comes standard equipped with an SVDN2 night sight and silencer.	ЭТА ВЫСОКОТОЧНАЯ РОССИЙСКАЯ ВИНТОВКА ЧАСТО ИСПОЛЬЗУЕТСЯ СНАЙПЕРАМИ. ОНА ЭФФЕКТИВНА ПРОТИВ БЫСТРО ПОЯВЛЯЮЩИХСЯ, ДВИЖУЩИХСЯ, ОТКРЫТЫХ И ЗАМАСКИРОВАННЫХ ОДИНОЧНЫХ ЦЕЛЕЙ. ШТАТНО ОСНАЩЕНА НОЧНЫМ ПРИЦЕЛОМ СВДН-2 И ГЛУШИТЕЛЕМ.	proofread gameplay catalogue
SF-RU-0414	STATIC_UI_GAMEPLAY	menus, HUD, prompts and notifications	This high-caliber, silenced rifle comes equipped with a classified digital scope with basic optical character recognition, making it a highly accurate weapon capable of identifying and classifying human targets and impact points prior to firing.	ЭТА КРУПНОКАЛИБЕРНАЯ ВИНТОВКА С ГЛУШИТЕЛЕМ ОСНАЩЕНА СЕКРЕТНЫМ ЦИФРОВЫМ ПРИЦЕЛОМ С БАЗОВЫМ ОПТИЧЕСКИМ РАСПОЗНАВАНИЕМ. ПРИЦЕЛ ОПРЕДЕЛЯЕТ ТИП ЦЕЛИ И РАСЧЁТНУЮ ТОЧКУ ПОПАДАНИЯ ДО ВЫСТРЕЛА, ОБЕСПЕЧИВАЯ ВЫСОКУЮ ТОЧНОСТЬ.	proofread gameplay catalogue
SF-RU-0415	STATIC_UI_GAMEPLAY	menus, HUD, prompts and notifications	Using CO2 cartridges, this weapon fires a probe that lodges one inch deep in the victim's body. Then a charge of 500,000 volts is passed along a wire connecting the weapon to the probe. This charge can be sustained indefinitely.	С ПОМОЩЬЮ БАЛЛОНА С УГЛЕКИСЛЫМ ГАЗОМ ШОКЕР ВЫСТРЕЛИВАЕТ ЗОНД, КОТОРЫЙ ВХОДИТ В ТЕЛО ЖЕРТВЫ НА ГЛУБИНУ ОКОЛО ДЮЙМА. ПО ПРОВОДУ К ЗОНДУ ПОДАЁТСЯ НАПРЯЖЕНИЕ 500 000 ВОЛЬТ. РАЗРЯД МОЖНО ПОДДЕРЖИВАТЬ НЕОГРАНИЧЕННО ДОЛГО.	proofread gameplay catalogue
SF-RU-0416	STATIC_UI_GAMEPLAY	menus, HUD, prompts and notifications	This single-barreled, break-action grenade launcher was developed during the Vietnam war. Commonly referred to as the "Blooper", it fires 40mm HE grenades that contain enough explosives to produce over 300 fragments with a lethal radius of up to five meters.	ЭТОТ ОДНОСТВОЛЬНЫЙ ПЕРЕЛАМЫВАЮЩИЙСЯ ГРАНАТОМЁТ БЫЛ РАЗРАБОТАН ВО ВРЕМЯ ВОЙНЫ ВО ВЬЕТНАМЕ. М-79 СТРЕЛЯЕТ 40-ММ ОСКОЛОЧНЫМИ ГРАНАТАМИ, КАЖДАЯ ИЗ КОТОРЫХ ОБРАЗУЕТ БОЛЕЕ 300 ОСКОЛКОВ С РАДИУСОМ ПОРАЖЕНИЯ ДО ПЯТИ МЕТРОВ.	proofread gameplay catalogue
SF-RU-0417	STATIC_UI_GAMEPLAY	menus, HUD, prompts and notifications	A popular assault rifle, the K3G4 is commonly armed with Teflon-coated bullets, making it a deadly weapon capable of cutting through most standard-issue flak jackets like a hot knife through butter.	K3G4 - ПОПУЛЯРНАЯ ШТУРМОВАЯ ВИНТОВКА. ДЛЯ НЕЁ ЧАСТО ИСПОЛЬЗУЮТ ПУЛИ С ТЕФЛОНОВЫМ ПОКРЫТИЕМ, КОТОРЫЕ ЛЕГКО ПРОБИВАЮТ БОЛЬШИНСТВО ШТАТНЫХ БРОНЕЖИЛЕТОВ.	proofread gameplay catalogue
SF-RU-0418	STATIC_UI_GAMEPLAY	menus, HUD, prompts and notifications	Developed in secret by the viral research branch of PHARCOM Inc., this device is capable of detecting trace particles of the Syphon Filter virus from up to 50 meters away. It can also scan through some solid objects and provide visual feedback of their contents.	ЭТО УСТРОЙСТВО БЫЛО ТАЙНО РАЗРАБОТАНО ВИРУСОЛОГИЧЕСКИМ ОТДЕЛОМ КОРПОРАЦИИ ФАРКОМ. ОНО ОБНАРУЖИВАЕТ СЛЕДЫ ВИРУСА СИФОН ФИЛЬТР НА РАССТОЯНИИ ДО 50 МЕТРОВ, А ТАКЖЕ СКАНИРУЕТ НЕКОТОРЫЕ ТВЁРДЫЕ ОБЪЕКТЫ И ПОКАЗЫВАЕТ ИХ СОДЕРЖИМОЕ.	proofread gameplay catalogue
SF-RU-0419	STATIC_UI_GAMEPLAY	menus, HUD, prompts and notifications	Upon detonation, this incendiary weapon spreads ammonium perchlorate three meters outwards from the blast point. It is instantly ignited by the explosion and quickly burns out, fatally burning anyone nearby, but leaving little collateral damage in the terrain.	ПРИ ВЗРЫВЕ ЭТА ЗАЖИГАТЕЛЬНАЯ ГРАНАТА РАЗБРАСЫВАЕТ ПЕРХЛОРАТ АММОНИЯ В РАДИУСЕ ТРЁХ МЕТРОВ. ВЕЩЕСТВО МГНОВЕННО ВОСПЛАМЕНЯЕТСЯ И БЫСТРО ВЫГОРАЕТ, СМЕРТЕЛЬНО ОБЖИГАЯ ВСЕХ ПОБЛИЗОСТИ, НО ПОЧТИ НЕ ПОВРЕЖДАЯ ОКРУЖЕНИЕ.	proofread gameplay catalogue
SF-RU-0420	STATIC_UI_GAMEPLAY	menus, HUD, prompts and notifications	Primarily used as a stealth weapon against multiple targets, this grenade releases trace amounts of Soman nerve agent into the air. The gas quickly dissipates, but not before rendering victims unconscious. If no antidote is administered, death follows within 15 minutes.	ЭТА ГРАНАТА ПРЕДНАЗНАЧЕНА ДЛЯ СКРЫТНОГО ПОРАЖЕНИЯ НЕСКОЛЬКИХ ЦЕЛЕЙ И ВЫДЕЛЯЕТ В ВОЗДУХ НЕРВНО-ПАРАЛИТИЧЕСКИЙ ГАЗ ЗОМАН. ГАЗ БЫСТРО РАССЕИВАЕТСЯ, НО УСПЕВАЕТ ЛИШИТЬ ЖЕРТВ СОЗНАНИЯ. БЕЗ АНТИДОТА СМЕРТЬ НАСТУПАЕТ В ТЕЧЕНИЕ 15 МИНУТ.	proofread gameplay catalogue
SF-RU-0421	STATIC_UI_GAMEPLAY	menus, HUD, prompts and notifications	Standard equipment for all agency operatives, this flashlight is shockproof and charged by a 300 hour battery.	СТАНДАРТНОЕ СНАРЯЖЕНИЕ ВСЕХ ОПЕРАТИВНИКОВ АГЕНТСТВА. УДАРОПРОЧНЫЙ ФОНАРЬ РАБОТАЕТ ОТ БАТАРЕИ, РАССЧИТАННОЙ НА 300 ЧАСОВ.	proofread gameplay catalogue
SF-RU-0422	STATIC_UI_GAMEPLAY	menus, HUD, prompts and notifications	A standard magnetic-strip card key.	СТАНДАРТНАЯ КЛЮЧ-КАРТА С МАГНИТНОЙ ПОЛОСОЙ.	proofread gameplay catalogue
SF-RU-0423	STATIC_UI_GAMEPLAY	menus, HUD, prompts and notifications	These incendiary blocks are made of a putty-like material which can be molded to the user's liking. The C4 explosive putty is then wired to a fuse and a friction igniter, allowing the user to detonate the explosive from a distant or protected position.	ПЛАСТИЧНЫЕ ЗАРЯДЫ С4 МОЖНО ФОРМОВАТЬ ПО МЕСТУ УСТАНОВКИ. К ВЗРЫВЧАТКЕ ПОДКЛЮЧАЮТСЯ ДЕТОНАТОР И ЗАПАЛ, ЧТО ПОЗВОЛЯЕТ ПОДОРВАТЬ ЗАРЯД С БЕЗОПАСНОГО РАССТОЯНИЯ ИЛИ ИЗ УКРЫТИЯ.	proofread gameplay catalogue
SF-RU-0424	STATIC_UI_GAMEPLAY	menus, HUD, prompts and notifications	This device is used to subcutanelously inject a fine stream of fluid under high pressure without puncturing the skin, and is loaded with an experimental serum capable of counteracting the effects of the Syphon Filter virus.	ЭТО БЕЗЫГОЛЬНЫЙ ИНЪЕКТОР, КОТОРЫЙ ВВОДИТ ПОД КОЖУ ТОНКУЮ СТРУЮ ЖИДКОСТИ ПОД ВЫСОКИМ ДАВЛЕНИЕМ. ОН ЗАРЯЖЕН ЭКСПЕРИМЕНТАЛЬНОЙ СЫВОРОТКОЙ, СПОСОБНОЙ ПРОТИВОДЕЙСТВОВАТЬ ВИРУСУ СИФОН ФИЛЬТР.	proofread gameplay catalogue
SF-RU-0425	STATIC_UI_GAMEPLAY	menus, HUD, prompts and notifications	Standard Agency side-arm with a sound suppressor.	ШТАТНЫЙ ПИСТОЛЕТ АГЕНТСТВА С ГЛУШИТЕЛЕМ.	proofread gameplay catalogue
SF-RU-0426	STATIC_UI_GAMEPLAY	menus, HUD, prompts and notifications	Fires a probe and delivers a sustained electrical charge.	ВЫСТРЕЛИВАЕТ ЗОНД И ПОДАЁТ ДЛИТЕЛЬНЫЙ ЭЛЕКТРИЧЕСКИЙ РАЗРЯД.	proofread gameplay catalogue
SF-RU-0427	STATIC_UI_GAMEPLAY	menus, HUD, prompts and notifications	Shockproof Agency flashlight with a long-life battery.	УДАРОПРОЧНЫЙ ФОНАРЬ АГЕНТСТВА С ДОЛГОВЕЧНОЙ БАТАРЕЕЙ.	proofread gameplay catalogue
SF-RU-0428	STATIC_UI_GAMEPLAY	menus, HUD, prompts and notifications	Detects trace particles of the Syphon Filter virus.	ОБНАРУЖИВАЕТ СЛЕДЫ ВИРУСА СИФОН ФИЛЬТР.	proofread gameplay catalogue
SF-RU-0429	STATIC_UI_GAMEPLAY	menus, HUD, prompts and notifications	Incendiary grenade with a short lethal blast radius.	ЗАЖИГАТЕЛЬНАЯ ГРАНАТА С НЕБОЛЬШИМ РАДИУСОМ ПОРАЖЕНИЯ.	proofread gameplay catalogue
SF-RU-0430	STATIC_UI_GAMEPLAY	menus, HUD, prompts and notifications	Releases a rapidly dissipating incapacitating nerve agent.	ВЫДЕЛЯЕТ БЫСТРО РАССЕИВАЮЩИЙСЯ НЕРВНО-ПАРАЛИТИЧЕСКИЙ ГАЗ.	proofread gameplay catalogue
SF-RU-0431	STATIC_UI_GAMEPLAY	menus, HUD, prompts and notifications	Agency field weapon.	ПОЛЕВОЕ ОРУЖИЕ АГЕНТСТВА.	proofread gameplay catalogue
SF-RU-0432	DYNAMIC_GAMEPLAY	item pickup template	%s taken	ПОЛУЧЕНО: %s	native composition rule
SF-RU-0433	DYNAMIC_GAMEPLAY	ammunition pickup template	%s bullet(s)/shell(s) taken	ПАТРОНЫ: %s	native composition rule
SF-RU-0434	DYNAMIC_GAMEPLAY	full inventory notification	%s%ss maxed	ЗАПАС ПОЛОН	native composition rule
SF-RU-0435	DYNAMIC_GAMEPLAY	generic elimination objective	Eliminate %s	ЛИКВИДИРОВАТЬ ЦЕЛЬ	native composition rule
SF-RU-0436	DYNAMIC_GAMEPLAY	generic security-item objective	Find security %s%s	НАЙТИ КЛЮЧ-КАРТУ ОХРАНЫ	native composition rule
SF-RU-0437	MISSION_TEXT	mission 01, entry 01	Tag bomb in terminal	ПОМЕТИТЬ БОМБУ В ТЕРМИНАЛЕ	proofread native override (replaces mission_menu.dat)
SF-RU-0438	MISSION_TEXT	mission 01, entry 02	Turn off power to terminal security doors	ОТКЛЮЧИТЬ ПИТАНИЕ ДВЕРЕЙ ТЕРМИНАЛА	proofread native override (replaces mission_menu.dat)
SF-RU-0439	MISSION_TEXT	mission 01, entry 03	Protect CBDC bomb squad	ЗАЩИТИТЬ САПЁРОВ ХИМЗАЩИТЫ	proofread native override (replaces mission_menu.dat)
SF-RU-0440	MISSION_TEXT	mission 01, entry 04	Eliminate Kravitch and destroy comm. array	ЛИКВИДИРОВАТЬ ПАВЛА КРАВИЧА И УНИЧТОЖИТЬ АНТЕННУ СВЯЗИ	proofread native override (replaces mission_menu.dat)
SF-RU-0441	MISSION_TEXT	mission 01, entry 05	Avoid damaging viral delivery systems or explosive bombs	НЕ ПОВРЕДИТЬ СИСТЕМЫ ДОСТАВКИ ВИРУСА И ВЗРЫВНЫЕ УСТРОЙСТВА	proofread native override (replaces mission_menu.dat)
SF-RU-0442	MISSION_TEXT	mission 01, entry 06	Do not eliminate any CBDC agent	НЕ УБИВАТЬ АГЕНТОВ ХИМЗАЩИТЫ	proofread native override (replaces mission_menu.dat)
SF-RU-0443	MISSION_TEXT	mission 01, entry 07	Kravitch	ПАВЕЛ КРАВИЧ	proofread native override (replaces mission_menu.dat)
SF-RU-0444	MISSION_TEXT	mission 02, entry 01	Blow open passage to street and protect CBDC agent	ВЗОРВАТЬ ПРОХОД НА УЛИЦУ И ЗАЩИТИТЬ АГЕНТА ХИМЗАЩИТЫ	proofread native override (replaces mission_menu.dat)
SF-RU-0445	MISSION_TEXT	mission 02, entry 02	Locate explosives cache	НАЙТИ СКЛАД ВЗРЫВЧАТКИ	proofread native override (replaces mission_menu.dat)
SF-RU-0446	MISSION_TEXT	mission 02, entry 03	Do not damage any bomb	НЕ ПОВРЕДИТЬ БОМБЫ	proofread native override (replaces mission_menu.dat)
SF-RU-0447	MISSION_TEXT	mission 02, entry 04	Do not kill any CBDC agent	НЕ УБИВАТЬ АГЕНТОВ ХИМЗАЩИТЫ	proofread native override (replaces mission_menu.dat)
SF-RU-0448	MISSION_TEXT	mission 02, entry 05	C4 taken	ВЗРЫВЧАТКА С4 ВЗЯТА	proofread native override (replaces mission_menu.dat)
SF-RU-0449	MISSION_TEXT	mission 02, entry 06	Need Explosives	НУЖНА ВЗРЫВЧАТКА	proofread native override (replaces mission_menu.dat)
SF-RU-0450	MISSION_TEXT	mission 02, entry 07	Blocked Passage	ПРОХОД ЗАВАЛЕН	proofread native override (replaces mission_menu.dat)
SF-RU-0451	MISSION_TEXT	mission 02, entry 08	Gas Mains	ГАЗОВАЯ МАГИСТРАЛЬ	proofread native override (replaces mission_menu.dat)
SF-RU-0452	MISSION_TEXT	mission 02, entry 09	Gas Mains Closed	ГАЗ ПЕРЕКРЫТ	proofread native override (replaces mission_menu.dat)
SF-RU-0453	MISSION_TEXT	mission 02, entry 10	Bomb Detonated	БОМБА ВЗОРВАНА	proofread native override (replaces mission_menu.dat)
SF-RU-0454	MISSION_TEXT	mission 03, entry 01	Eliminate Aramov	ЛИКВИДИРОВАТЬ МАРУ АРАМОВУ	proofread native override (replaces mission_menu.dat)
SF-RU-0455	MISSION_TEXT	mission 03, entry 02	Do not use grenades or train lines may be damaged	НЕ ИСПОЛЬЗОВАТЬ ГРАНАТЫ: МОЖНО ПОВРЕДИТЬ ПУТИ	proofread native override (replaces mission_menu.dat)
SF-RU-0456	MISSION_TEXT	mission 04, entry 01	Reach Freedom Memorial	ДОБРАТЬСЯ ДО МЕМОРИАЛА СВОБОДЫ	proofread native override (replaces mission_menu.dat)
SF-RU-0457	MISSION_TEXT	mission 04, entry 02	Eliminate trigger man Marcos	ЛИКВИДИРОВАТЬ ПОДРЫВНИКА ХОРХЕ МАРКОСА	proofread native override (replaces mission_menu.dat)
SF-RU-0458	MISSION_TEXT	mission 04, entry 03	Secure terrorist comm. array	ВЗЯТЬ ПОД КОНТРОЛЬ АНТЕННУ СВЯЗИ ТЕРРОРИСТОВ	proofread native override (replaces mission_menu.dat)
SF-RU-0459	MISSION_TEXT	mission 04, entry 04	Rescue CBDC hostages	ОСВОБОДИТЬ ЗАЛОЖНИКОВ ХИМЗАЩИТЫ	proofread native override (replaces mission_menu.dat)
SF-RU-0460	MISSION_TEXT	mission 04, entry 05	Do not damage the comm. array	НЕ ПОВРЕДИТЬ АНТЕННУ СВЯЗИ	proofread native override (replaces mission_menu.dat)
SF-RU-0461	MISSION_TEXT	mission 04, entry 06	All bombs must be defused in under 20 minutes	ОБЕЗВРЕДИТЬ ВСЕ БОМБЫ МЕНЕЕ ЧЕМ ЗА 20 МИНУТ	proofread native override (replaces mission_menu.dat)
SF-RU-0462	MISSION_TEXT	mission 04, entry 07	Do not damage any bomb	НЕ ПОВРЕДИТЬ БОМБЫ	proofread native override (replaces mission_menu.dat)
SF-RU-0463	MISSION_TEXT	mission 04, entry 08	Do not kill any member of the strike team	НЕ УБИВАТЬ БОЙЦОВ ШТУРМОВОЙ ГРУППЫ	proofread native override (replaces mission_menu.dat)
SF-RU-0464	MISSION_TEXT	mission 04, entry 09	Locate and disarm %d%s viral bomb%s	НАЙТИ И ОБЕЗВРЕДИТЬ ВИРУСНЫЕ БОМБЫ: %d	proofread native override (replaces mission_menu.dat)
SF-RU-0465	MISSION_TEXT	mission 04, entry 10	them	ИХ	proofread native override (replaces mission_menu.dat)
SF-RU-0466	MISSION_TEXT	mission 04, entry 11	%d Bomb%s Remaining	ОСТАЛОСЬ БОМБ: %d	proofread native override (replaces mission_menu.dat)
SF-RU-0467	MISSION_TEXT	mission 04, entry 12	Communications array damaged	АНТЕННА СВЯЗИ ПОВРЕЖДЕНА	proofread native override (replaces mission_menu.dat)
SF-RU-0468	MISSION_TEXT	mission 04, entry 13	Marcos	ХОРХЕ МАРКОС	proofread native override (replaces mission_menu.dat)
SF-RU-0469	MISSION_TEXT	mission 05, entry 01	Kill Girdeux	ЛИКВИДИРОВАТЬ АНТОНА ГИРДО	proofread native override (replaces mission_menu.dat)
SF-RU-0470	MISSION_TEXT	mission 05, entry 02	Do not use grenades or Girdeux's bomb may be damaged	НЕ ИСПОЛЬЗОВАТЬ ГРАНАТЫ: МОЖНО ПОВРЕДИТЬ БОМБУ АНТОНА ГИРДО	proofread native override (replaces mission_menu.dat)
SF-RU-0471	MISSION_TEXT	mission 06, entry 01	Capture Phagan alive	ЗАХВАТИТЬ ДЖОНАТАНА ФЭЙГАНА ЖИВЫМ	proofread native override (replaces mission_menu.dat)
SF-RU-0472	MISSION_TEXT	mission 06, entry 02	Shadow Phagan to secret meeting	ПРОСЛЕДИТЬ ЗА ДЖОНАТАНОМ ФЭЙГАНОМ ДО ТАЙНОЙ ВСТРЕЧИ	proofread native override (replaces mission_menu.dat)
SF-RU-0473	MISSION_TEXT	mission 06, entry 03	Do not allow yourself to be spotted until you reach the meeting.  Do not shoot Phagan.	НЕ ПОПАДАТЬСЯ НА ГЛАЗА ДО МЕСТА ВСТРЕЧИ. НЕ СТРЕЛЯТЬ В ДЖОНАТАНА ФЭЙГАНА	proofread native override (replaces mission_menu.dat)
SF-RU-0474	MISSION_TEXT	mission 06, entry 04	Benton	ЭДВАРД БЕНТОН	proofread native override (replaces mission_menu.dat)
SF-RU-0475	MISSION_TEXT	mission 06, entry 05	Gate Control Panel	ПУЛЬТ УПРАВЛЕНИЯ ВОРОТАМИ	proofread native override (replaces mission_menu.dat)
SF-RU-0476	MISSION_TEXT	mission 07, entry 01	Capture Aramov and Phagan alive	ЗАХВАТИТЬ МАРУ АРАМОВУ И ДЖОНАТАНА ФЭЙГАНА ЖИВЫМИ	proofread native override (replaces mission_menu.dat)
SF-RU-0477	MISSION_TEXT	mission 07, entry 02	Do not kill Aramov	НЕ УБИВАТЬ МАРУ АРАМОВУ	proofread native override (replaces mission_menu.dat)
SF-RU-0478	MISSION_TEXT	mission 07, entry 03	Do not allow Phagan to die	НЕ ДАТЬ ДЖОНАТАНУ ФЭЙГАНУ ПОГИБНУТЬ	proofread native override (replaces mission_menu.dat)
SF-RU-0479	MISSION_TEXT	mission 07, entry 04	Gate Control Panel	ПУЛЬТ УПРАВЛЕНИЯ ВОРОТАМИ	proofread native override (replaces mission_menu.dat)
SF-RU-0480	MISSION_TEXT	mission 08, entry 01	Escape through main gate	ВЫЙТИ ЧЕРЕЗ ГЛАВНЫЕ ВОРОТА	proofread native override (replaces mission_menu.dat)
SF-RU-0481	MISSION_TEXT	mission 08, entry 02	Reach missile bunker	ДОБРАТЬСЯ ДО РАКЕТНОГО БУНКЕРА	proofread native override (replaces mission_menu.dat)
SF-RU-0482	MISSION_TEXT	mission 08, entry 03	Disable power to motion sensors	ОТКЛЮЧИТЬ ПИТАНИЕ ДАТЧИКОВ ДВИЖЕНИЯ	proofread native override (replaces mission_menu.dat)
SF-RU-0483	MISSION_TEXT	mission 08, entry 04	Eliminate Gabrek and collect cardkey	ЛИКВИДИРОВАТЬ ГАБРЕКА И ЗАБРАТЬ КЛЮЧ-КАРТУ	proofread native override (replaces mission_menu.dat)
SF-RU-0484	MISSION_TEXT	mission 08, entry 05	Get out of base before timer runs out on explosives	ПОКИНУТЬ БАЗУ ДО ВЗРЫВА ЗАРЯДОВ	proofread native override (replaces mission_menu.dat)
SF-RU-0485	MISSION_TEXT	mission 08, entry 06	Do not damage the missiles	НЕ ПОВРЕДИТЬ РАКЕТЫ	proofread native override (replaces mission_menu.dat)
SF-RU-0486	MISSION_TEXT	mission 08, entry 07	Do not damage the explosive charges	НЕ ПОВРЕДИТЬ ВЗРЫВНЫЕ ЗАРЯДЫ	proofread native override (replaces mission_menu.dat)
SF-RU-0487	MISSION_TEXT	mission 08, entry 08	Reach comm. building roof	ДОБРАТЬСЯ ДО КРЫШИ ЦЕНТРА СВЯЗИ	proofread native override (replaces mission_menu.dat)
SF-RU-0488	MISSION_TEXT	mission 08, entry 09	Plant C4 charges at %d%s fuel tank%s	УСТАНОВИТЬ С4 НА ТОПЛИВНЫЕ ЦИСТЕРНЫ: %d	proofread native override (replaces mission_menu.dat)
SF-RU-0489	MISSION_TEXT	mission 08, entry 10	Catalog %d%s enemy missile%s	ЗАРЕГИСТРИРОВАТЬ РАКЕТЫ: %d	proofread native override (replaces mission_menu.dat)
SF-RU-0490	MISSION_TEXT	mission 08, entry 11	 more	 ЕЩЁ	proofread native override (replaces mission_menu.dat)
SF-RU-0491	MISSION_TEXT	mission 08, entry 12	Gabrek	ГАБРЕК	proofread native override (replaces mission_menu.dat)
SF-RU-0492	MISSION_TEXT	mission 08, entry 13	Place explosive here	УСТАНОВИТЬ ЗАРЯД ЗДЕСЬ	proofread native override (replaces mission_menu.dat)
SF-RU-0493	MISSION_TEXT	mission 08, entry 14	%d more explosive%s to plant	ОСТАЛОСЬ УСТАНОВИТЬ ЗАРЯДОВ: %d	proofread native override (replaces mission_menu.dat)
SF-RU-0494	MISSION_TEXT	mission 08, entry 15	Motion Sensor Power	ПИТАНИЕ ДАТЧИКОВ ДВИЖЕНИЯ	proofread native override (replaces mission_menu.dat)
SF-RU-0495	MISSION_TEXT	mission 08, entry 16	Missile Access Control	КОНТРОЛЬ ДОСТУПА К РАКЕТАМ	proofread native override (replaces mission_menu.dat)
SF-RU-0496	MISSION_TEXT	mission 08, entry 17	Missile Access Initiated	ДОСТУП К РАКЕТАМ ОТКРЫТ	proofread native override (replaces mission_menu.dat)
SF-RU-0497	MISSION_TEXT	mission 08, entry 18	SS-23 Missile	РАКЕТА SS-23	proofread native override (replaces mission_menu.dat)
SF-RU-0498	MISSION_TEXT	mission 08, entry 19	Missile indexed.\n%d remaining	РАКЕТА ЗАРЕГИСТРИРОВАНА\nОСТАЛОСЬ: %d	proofread native override (replaces mission_menu.dat)
SF-RU-0499	MISSION_TEXT	mission 09, entry 01	Escape through main gate	ВЫЙТИ ЧЕРЕЗ ГЛАВНЫЕ ВОРОТА	proofread native override (replaces mission_menu.dat)
SF-RU-0500	MISSION_TEXT	mission 09, entry 02	Reach missile bunker	ДОБРАТЬСЯ ДО РАКЕТНОГО БУНКЕРА	proofread native override (replaces mission_menu.dat)
SF-RU-0501	MISSION_TEXT	mission 09, entry 03	Disable power to motion sensors	ОТКЛЮЧИТЬ ПИТАНИЕ ДАТЧИКОВ ДВИЖЕНИЯ	proofread native override (replaces mission_menu.dat)
SF-RU-0502	MISSION_TEXT	mission 09, entry 04	Eliminate Gabrek and collect cardkey	ЛИКВИДИРОВАТЬ ГАБРЕКА И ЗАБРАТЬ КЛЮЧ-КАРТУ	proofread native override (replaces mission_menu.dat)
SF-RU-0503	MISSION_TEXT	mission 09, entry 05	Get out of base before timer runs out on explosives	ПОКИНУТЬ БАЗУ ДО ВЗРЫВА ЗАРЯДОВ	proofread native override (replaces mission_menu.dat)
SF-RU-0504	MISSION_TEXT	mission 09, entry 06	Do not damage the missiles	НЕ ПОВРЕДИТЬ РАКЕТЫ	proofread native override (replaces mission_menu.dat)
SF-RU-0505	MISSION_TEXT	mission 09, entry 07	Do not damage the explosive charges	НЕ ПОВРЕДИТЬ ВЗРЫВНЫЕ ЗАРЯДЫ	proofread native override (replaces mission_menu.dat)
SF-RU-0506	MISSION_TEXT	mission 09, entry 08	Reach comm. building roof	ДОБРАТЬСЯ ДО КРЫШИ ЦЕНТРА СВЯЗИ	proofread native override (replaces mission_menu.dat)
SF-RU-0507	MISSION_TEXT	mission 09, entry 09	Plant C4 charges at %d%s fuel tank%s	УСТАНОВИТЬ С4 НА ТОПЛИВНЫЕ ЦИСТЕРНЫ: %d	proofread native override (replaces mission_menu.dat)
SF-RU-0508	MISSION_TEXT	mission 09, entry 10	Catalog %d%s enemy missile%s	ЗАРЕГИСТРИРОВАТЬ РАКЕТЫ: %d	proofread native override (replaces mission_menu.dat)
SF-RU-0509	MISSION_TEXT	mission 09, entry 11	 more	 ЕЩЁ	proofread native override (replaces mission_menu.dat)
SF-RU-0510	MISSION_TEXT	mission 09, entry 12	Gabrek	ГАБРЕК	proofread native override (replaces mission_menu.dat)
SF-RU-0511	MISSION_TEXT	mission 09, entry 13	Place explosive here	УСТАНОВИТЬ ЗАРЯД ЗДЕСЬ	proofread native override (replaces mission_menu.dat)
SF-RU-0512	MISSION_TEXT	mission 09, entry 14	%d more explosive%s to plant	ОСТАЛОСЬ УСТАНОВИТЬ ЗАРЯДОВ: %d	proofread native override (replaces mission_menu.dat)
SF-RU-0513	MISSION_TEXT	mission 09, entry 15	Motion Sensor Power	ПИТАНИЕ ДАТЧИКОВ ДВИЖЕНИЯ	proofread native override (replaces mission_menu.dat)
SF-RU-0514	MISSION_TEXT	mission 09, entry 16	Missile Access Control	КОНТРОЛЬ ДОСТУПА К РАКЕТАМ	proofread native override (replaces mission_menu.dat)
SF-RU-0515	MISSION_TEXT	mission 09, entry 17	Missile Access Initiated	ДОСТУП К РАКЕТАМ ОТКРЫТ	proofread native override (replaces mission_menu.dat)
SF-RU-0516	MISSION_TEXT	mission 09, entry 18	SS-23 Missile	РАКЕТА SS-23	proofread native override (replaces mission_menu.dat)
SF-RU-0517	MISSION_TEXT	mission 09, entry 19	Missile indexed.\n%d remaining	РАКЕТА ЗАРЕГИСТРИРОВАНА\nОСТАЛОСЬ: %d	proofread native override (replaces mission_menu.dat)
SF-RU-0518	MISSION_TEXT	mission 10, entry 01	Shoot down attack helicopter	СБИТЬ БОЕВОЙ ВЕРТОЛЁТ	proofread native override (replaces mission_menu.dat)
SF-RU-0519	MISSION_TEXT	mission 10, entry 02	Disable radar tracking	ОТКЛЮЧИТЬ РАДАР СОПРОВОЖДЕНИЯ	proofread native override (replaces mission_menu.dat)
SF-RU-0520	MISSION_TEXT	mission 10, entry 03	Radar Tracking Override.	УПРАВЛЕНИЕ РАДАРОМ ПЕРЕХВАЧЕНО	proofread native override (replaces mission_menu.dat)
SF-RU-0521	MISSION_TEXT	mission 11, entry 01	Escape through main gate	ВЫЙТИ ЧЕРЕЗ ГЛАВНЫЕ ВОРОТА	proofread native override (replaces mission_menu.dat)
SF-RU-0522	MISSION_TEXT	mission 11, entry 02	Reach missile bunker	ДОБРАТЬСЯ ДО РАКЕТНОГО БУНКЕРА	proofread native override (replaces mission_menu.dat)
SF-RU-0523	MISSION_TEXT	mission 11, entry 03	Disable power to motion sensors	ОТКЛЮЧИТЬ ПИТАНИЕ ДАТЧИКОВ ДВИЖЕНИЯ	proofread native override (replaces mission_menu.dat)
SF-RU-0524	MISSION_TEXT	mission 11, entry 04	Eliminate Gabrek and collect cardkey	ЛИКВИДИРОВАТЬ ГАБРЕКА И ЗАБРАТЬ КЛЮЧ-КАРТУ	proofread native override (replaces mission_menu.dat)
SF-RU-0525	MISSION_TEXT	mission 11, entry 05	Get out of base before timer runs out on explosives	ПОКИНУТЬ БАЗУ ДО ВЗРЫВА ЗАРЯДОВ	proofread native override (replaces mission_menu.dat)
SF-RU-0526	MISSION_TEXT	mission 11, entry 06	Do not damage the missiles	НЕ ПОВРЕДИТЬ РАКЕТЫ	proofread native override (replaces mission_menu.dat)
SF-RU-0527	MISSION_TEXT	mission 11, entry 07	Do not damage the explosive charges	НЕ ПОВРЕДИТЬ ВЗРЫВНЫЕ ЗАРЯДЫ	proofread native override (replaces mission_menu.dat)
SF-RU-0528	MISSION_TEXT	mission 11, entry 08	Reach comm. building roof	ДОБРАТЬСЯ ДО КРЫШИ ЦЕНТРА СВЯЗИ	proofread native override (replaces mission_menu.dat)
SF-RU-0529	MISSION_TEXT	mission 11, entry 09	Plant C4 charges at %d%s fuel tank%s	УСТАНОВИТЬ С4 НА ТОПЛИВНЫЕ ЦИСТЕРНЫ: %d	proofread native override (replaces mission_menu.dat)
SF-RU-0530	MISSION_TEXT	mission 11, entry 10	Catalog %d%s enemy missile%s	ЗАРЕГИСТРИРОВАТЬ РАКЕТЫ: %d	proofread native override (replaces mission_menu.dat)
SF-RU-0531	MISSION_TEXT	mission 11, entry 11	 more	 ЕЩЁ	proofread native override (replaces mission_menu.dat)
SF-RU-0532	MISSION_TEXT	mission 11, entry 12	Gabrek	ГАБРЕК	proofread native override (replaces mission_menu.dat)
SF-RU-0533	MISSION_TEXT	mission 11, entry 13	Place explosive here	УСТАНОВИТЬ ЗАРЯД ЗДЕСЬ	proofread native override (replaces mission_menu.dat)
SF-RU-0534	MISSION_TEXT	mission 11, entry 14	%d more explosive%s to plant	ОСТАЛОСЬ УСТАНОВИТЬ ЗАРЯДОВ: %d	proofread native override (replaces mission_menu.dat)
SF-RU-0535	MISSION_TEXT	mission 11, entry 15	Motion Sensor Power	ПИТАНИЕ ДАТЧИКОВ ДВИЖЕНИЯ	proofread native override (replaces mission_menu.dat)
SF-RU-0536	MISSION_TEXT	mission 11, entry 16	Missile Access Control	КОНТРОЛЬ ДОСТУПА К РАКЕТАМ	proofread native override (replaces mission_menu.dat)
SF-RU-0537	MISSION_TEXT	mission 11, entry 17	Missile Access Initiated	ДОСТУП К РАКЕТАМ ОТКРЫТ	proofread native override (replaces mission_menu.dat)
SF-RU-0538	MISSION_TEXT	mission 11, entry 18	SS-23 Missile	РАКЕТА SS-23	proofread native override (replaces mission_menu.dat)
SF-RU-0539	MISSION_TEXT	mission 11, entry 19	Missile indexed.\n%d remaining	РАКЕТА ЗАРЕГИСТРИРОВАНА\nОСТАЛОСЬ: %d	proofread native override (replaces mission_menu.dat)
SF-RU-0540	MISSION_TEXT	mission 12, entry 01	Find entrance to catacombs	НАЙТИ ВХОД В КАТАКОМБЫ	proofread native override (replaces mission_menu.dat)
SF-RU-0541	MISSION_TEXT	mission 12, entry 02	Do not kill any human test subjects	НЕ УБИВАТЬ ПОДОПЫТНЫХ	proofread native override (replaces mission_menu.dat)
SF-RU-0542	MISSION_TEXT	mission 12, entry 03	Eliminate Rhoemer's %d%s scientist%s	ЛИКВИДИРОВАТЬ УЧЁНЫХ ЭРИХА РОМЕРА: %d	proofread native override (replaces mission_menu.dat)
SF-RU-0543	MISSION_TEXT	mission 12, entry 04	Administer antigen to %d%s test subject%s	ВВЕСТИ АНТИГЕН ПОДОПЫТНЫМ: %d	proofread native override (replaces mission_menu.dat)
SF-RU-0544	MISSION_TEXT	mission 12, entry 05	%d scientist%s left to kill	ОСТАЛОСЬ УЧЁНЫХ: %d	proofread native override (replaces mission_menu.dat)
SF-RU-0545	MISSION_TEXT	mission 12, entry 06	Antigen administered\n%d subject%s remaining	АНТИГЕН ВВЕДЁН\nОСТАЛОСЬ ПОДОПЫТНЫХ: %d	proofread native override (replaces mission_menu.dat)
SF-RU-0546	MISSION_TEXT	mission 12, entry 07	Test Subject	ПОДОПЫТНЫЙ	proofread native override (replaces mission_menu.dat)
SF-RU-0547	MISSION_TEXT	mission 12, entry 08	Door lock	ЗАМОК ДВЕРИ	proofread native override (replaces mission_menu.dat)
SF-RU-0548	MISSION_TEXT	mission 12, entry 09	Door unlocked	ДВЕРЬ ОТКРЫТА	proofread native override (replaces mission_menu.dat)
SF-RU-0549	MISSION_TEXT	mission 13, entry 01	Find entrance to catacombs	НАЙТИ ВХОД В КАТАКОМБЫ	proofread native override (replaces mission_menu.dat)
SF-RU-0550	MISSION_TEXT	mission 13, entry 02	Do not kill any human test subjects	НЕ УБИВАТЬ ПОДОПЫТНЫХ	proofread native override (replaces mission_menu.dat)
SF-RU-0551	MISSION_TEXT	mission 13, entry 03	Eliminate Rhoemer's %d%s scientist%s	ЛИКВИДИРОВАТЬ УЧЁНЫХ ЭРИХА РОМЕРА: %d	proofread native override (replaces mission_menu.dat)
SF-RU-0552	MISSION_TEXT	mission 13, entry 04	Administer antigen to %d%s test subject%s	ВВЕСТИ АНТИГЕН ПОДОПЫТНЫМ: %d	proofread native override (replaces mission_menu.dat)
SF-RU-0553	MISSION_TEXT	mission 13, entry 05	%d scientist%s left to kill	ОСТАЛОСЬ УЧЁНЫХ: %d	proofread native override (replaces mission_menu.dat)
SF-RU-0554	MISSION_TEXT	mission 13, entry 06	Antigen administered\n%d subject%s remaining	АНТИГЕН ВВЕДЁН\nОСТАЛОСЬ ПОДОПЫТНЫХ: %d	proofread native override (replaces mission_menu.dat)
SF-RU-0555	MISSION_TEXT	mission 13, entry 07	Test Subject	ПОДОПЫТНЫЙ	proofread native override (replaces mission_menu.dat)
SF-RU-0556	MISSION_TEXT	mission 13, entry 08	Door lock	ЗАМОК ДВЕРИ	proofread native override (replaces mission_menu.dat)
SF-RU-0557	MISSION_TEXT	mission 13, entry 09	Door unlocked	ДВЕРЬ ОТКРЫТА	proofread native override (replaces mission_menu.dat)
SF-RU-0558	MISSION_TEXT	mission 14, entry 01	Get Lian Xing out of the catacombs	ВЫВЕСТИ ЛИАН СИН ИЗ КАТАКОМБ	proofread native override (replaces mission_menu.dat)
SF-RU-0559	MISSION_TEXT	mission 14, entry 02	Follow Phagan to Lian Xing's cell	ПРОСЛЕДИТЬ ЗА ДЖОНАТАНОМ ФЭЙГАНОМ ДО КАМЕРЫ ЛИАН СИН	proofread native override (replaces mission_menu.dat)
SF-RU-0560	MISSION_TEXT	mission 14, entry 03	Find Phagan	НАЙТИ ДЖОНАТАНА ФЭЙГАНА	proofread native override (replaces mission_menu.dat)
SF-RU-0561	MISSION_TEXT	mission 14, entry 04	Do not allow Lian Xing to die	ЗАЩИТИТЬ ЛИАН СИН	proofread native override (replaces mission_menu.dat)
SF-RU-0562	MISSION_TEXT	mission 14, entry 05	Do not leave Phagan unguarded or allow him to die	НЕ ОСТАВЛЯТЬ ДЖОНАТАНА ФЭЙГАНА БЕЗ ОХРАНЫ И НЕ ДАТЬ ЕМУ ПОГИБНУТЬ	proofread native override (replaces mission_menu.dat)
SF-RU-0563	MISSION_TEXT	mission 14, entry 06	Do not be spotted until the scientist has opened Phagan's cell	НЕ ПОПАДАТЬСЯ НА ГЛАЗА, ПОКА УЧЁНЫЙ НЕ ОТКРОЕТ КАМЕРУ ДЖОНАТАНА ФЭЙГАНА	proofread native override (replaces mission_menu.dat)
SF-RU-0564	MISSION_TEXT	mission 15, entry 01	Get to warehouse 76	ДОБРАТЬСЯ ДО СКЛАДА 76	proofread native override (replaces mission_menu.dat)
SF-RU-0565	MISSION_TEXT	mission 15, entry 02	Turn off power to electric fences	ОТКЛЮЧИТЬ ПИТАНИЕ ЭЛЕКТРИЧЕСКИХ ОГРАЖДЕНИЙ	proofread native override (replaces mission_menu.dat)
SF-RU-0566	MISSION_TEXT	mission 15, entry 03	Find and interrogate Erikson	НАЙТИ И ДОПРОСИТЬ ЭРИКСОНА	proofread native override (replaces mission_menu.dat)
SF-RU-0567	MISSION_TEXT	mission 15, entry 04	Do not kill Erikson before you've gotten the computer codes	НЕ УБИВАТЬ ЭРИКСОНА ДО ПОЛУЧЕНИЯ КОДОВ	proofread native override (replaces mission_menu.dat)
SF-RU-0568	MISSION_TEXT	mission 15, entry 05	Get to freight elevator	ДОБРАТЬСЯ ДО ГРУЗОВОГО ЛИФТА	proofread native override (replaces mission_menu.dat)
SF-RU-0569	MISSION_TEXT	mission 15, entry 06	Get out before the building collapses in 15 minutes	ПОКИНУТЬ ЗДАНИЕ ЗА 15 МИНУТ, ДО ЕГО ОБРУШЕНИЯ	proofread native override (replaces mission_menu.dat)
SF-RU-0570	MISSION_TEXT	mission 15, entry 07	Locate and tag %d%s viral carrier%s	НАЙТИ И ПОМЕТИТЬ НОСИТЕЛЕЙ ВИРУСА: %d	proofread native override (replaces mission_menu.dat)
SF-RU-0571	MISSION_TEXT	mission 15, entry 08	Viral carrier tagged. %d remaining	НОСИТЕЛЬ ПОМЕЧЕН. ОСТАЛОСЬ: %d	proofread native override (replaces mission_menu.dat)
SF-RU-0572	MISSION_TEXT	mission 15, entry 09	Erikson	ЭРИКСОН	proofread native override (replaces mission_menu.dat)
SF-RU-0573	MISSION_TEXT	mission 16, entry 01	Get to warehouse 76	ДОБРАТЬСЯ ДО СКЛАДА 76	proofread native override (replaces mission_menu.dat)
SF-RU-0574	MISSION_TEXT	mission 16, entry 02	Turn off power to electric fences	ОТКЛЮЧИТЬ ПИТАНИЕ ЭЛЕКТРИЧЕСКИХ ОГРАЖДЕНИЙ	proofread native override (replaces mission_menu.dat)
SF-RU-0575	MISSION_TEXT	mission 16, entry 03	Find and interrogate Erikson	НАЙТИ И ДОПРОСИТЬ ЭРИКСОНА	proofread native override (replaces mission_menu.dat)
SF-RU-0576	MISSION_TEXT	mission 16, entry 04	Do not kill Erikson before you've gotten the computer codes	НЕ УБИВАТЬ ЭРИКСОНА ДО ПОЛУЧЕНИЯ КОДОВ	proofread native override (replaces mission_menu.dat)
SF-RU-0577	MISSION_TEXT	mission 16, entry 05	Get to freight elevator	ДОБРАТЬСЯ ДО ГРУЗОВОГО ЛИФТА	proofread native override (replaces mission_menu.dat)
SF-RU-0578	MISSION_TEXT	mission 16, entry 06	Get out before the building collapses in 15 minutes	ПОКИНУТЬ ЗДАНИЕ ЗА 15 МИНУТ, ДО ЕГО ОБРУШЕНИЯ	proofread native override (replaces mission_menu.dat)
SF-RU-0579	MISSION_TEXT	mission 16, entry 07	Locate and tag %d%s viral carrier%s	НАЙТИ И ПОМЕТИТЬ НОСИТЕЛЕЙ ВИРУСА: %d	proofread native override (replaces mission_menu.dat)
SF-RU-0580	MISSION_TEXT	mission 16, entry 08	Viral carrier tagged. %d remaining	НОСИТЕЛЬ ПОМЕЧЕН. ОСТАЛОСЬ: %d	proofread native override (replaces mission_menu.dat)
SF-RU-0581	MISSION_TEXT	mission 16, entry 09	Erikson	ЭРИКСОН	proofread native override (replaces mission_menu.dat)
SF-RU-0582	MISSION_TEXT	mission 17, entry 01	Get to warehouse 76	ДОБРАТЬСЯ ДО СКЛАДА 76	proofread native override (replaces mission_menu.dat)
SF-RU-0583	MISSION_TEXT	mission 17, entry 02	Turn off power to electric fences	ОТКЛЮЧИТЬ ПИТАНИЕ ЭЛЕКТРИЧЕСКИХ ОГРАЖДЕНИЙ	proofread native override (replaces mission_menu.dat)
SF-RU-0584	MISSION_TEXT	mission 17, entry 03	Find and interrogate Erikson	НАЙТИ И ДОПРОСИТЬ ЭРИКСОНА	proofread native override (replaces mission_menu.dat)
SF-RU-0585	MISSION_TEXT	mission 17, entry 04	Do not kill Erikson before you've gotten the computer codes	НЕ УБИВАТЬ ЭРИКСОНА ДО ПОЛУЧЕНИЯ КОДОВ	proofread native override (replaces mission_menu.dat)
SF-RU-0586	MISSION_TEXT	mission 17, entry 05	Get to freight elevator	ДОБРАТЬСЯ ДО ГРУЗОВОГО ЛИФТА	proofread native override (replaces mission_menu.dat)
SF-RU-0587	MISSION_TEXT	mission 17, entry 06	Get out before the building collapses in 15 minutes	ПОКИНУТЬ ЗДАНИЕ ЗА 15 МИНУТ, ДО ЕГО ОБРУШЕНИЯ	proofread native override (replaces mission_menu.dat)
SF-RU-0588	MISSION_TEXT	mission 17, entry 07	Locate and tag %d%s viral carrier%s	НАЙТИ И ПОМЕТИТЬ НОСИТЕЛЕЙ ВИРУСА: %d	proofread native override (replaces mission_menu.dat)
SF-RU-0589	MISSION_TEXT	mission 17, entry 08	Viral carrier tagged. %d remaining	НОСИТЕЛЬ ПОМЕЧЕН. ОСТАЛОСЬ: %d	proofread native override (replaces mission_menu.dat)
SF-RU-0590	MISSION_TEXT	mission 17, entry 09	Erikson	ЭРИКСОН	proofread native override (replaces mission_menu.dat)
SF-RU-0591	MISSION_TEXT	mission 18, entry 01	Shut down power room	ОТКЛЮЧИТЬ ЭНЕРГОБЛОК	proofread native override (replaces mission_menu.dat)
SF-RU-0592	MISSION_TEXT	mission 18, entry 02	Reroute power to elevator	ПЕРЕНАПРАВИТЬ ПИТАНИЕ НА ЛИФТ	proofread native override (replaces mission_menu.dat)
SF-RU-0593	MISSION_TEXT	mission 18, entry 03	Access missile command computer	ПОЛУЧИТЬ ДОСТУП К КОМПЬЮТЕРУ УПРАВЛЕНИЯ РАКЕТОЙ	proofread native override (replaces mission_menu.dat)
SF-RU-0594	MISSION_TEXT	mission 18, entry 04	Retrieve missile destruct codes	ПОЛУЧИТЬ КОДЫ САМОУНИЧТОЖЕНИЯ РАКЕТЫ	proofread native override (replaces mission_menu.dat)
SF-RU-0595	MISSION_TEXT	mission 18, entry 05	Command computer must be accessed within 3 minutes after launch	ПОЛУЧИТЬ ДОСТУП К КОМПЬЮТЕРУ В ТЕЧЕНИЕ 3 МИНУТ ПОСЛЕ ЗАПУСКА	proofread native override (replaces mission_menu.dat)
SF-RU-0596	MISSION_TEXT	mission 18, entry 06	Destruct codes must be retrieved before the missile launches	ПОЛУЧИТЬ КОДЫ ДО ЗАПУСКА РАКЕТЫ	proofread native override (replaces mission_menu.dat)
SF-RU-0597	MISSION_TEXT	mission 18, entry 07	Do not shoot at the missile	НЕ СТРЕЛЯТЬ ПО РАКЕТЕ	proofread native override (replaces mission_menu.dat)
SF-RU-0598	MISSION_TEXT	mission 18, entry 08	No Power	НЕТ ПИТАНИЯ	proofread native override (replaces mission_menu.dat)
SF-RU-0599	MISSION_TEXT	mission 18, entry 09	Power Relay	СИЛОВОЕ РЕЛЕ	proofread native override (replaces mission_menu.dat)
SF-RU-0600	MISSION_TEXT	mission 18, entry 10	Elevator Control Panel	ПУЛЬТ УПРАВЛЕНИЯ ЛИФТОМ	proofread native override (replaces mission_menu.dat)
SF-RU-0601	MISSION_TEXT	mission 18, entry 11	Elevator activated	ЛИФТ ВКЛЮЧЁН	proofread native override (replaces mission_menu.dat)
SF-RU-0602	MISSION_TEXT	mission 18, entry 12	Control Panel	ПУЛЬТ УПРАВЛЕНИЯ	proofread native override (replaces mission_menu.dat)
SF-RU-0603	MISSION_TEXT	mission 18, entry 13	Safety Released	БЛОКИРОВКА СНЯТА	proofread native override (replaces mission_menu.dat)
SF-RU-0604	MISSION_TEXT	mission 18, entry 14	Need missile codes	НУЖНЫ КОДЫ САМОУНИЧТОЖЕНИЯ РАКЕТЫ	proofread native override (replaces mission_menu.dat)
SF-RU-0605	MISSION_TEXT	mission 18, entry 15	R-9 Devyatka Missile	РАКЕТА R-9 ДЕВЯТКА	proofread native override (replaces mission_menu.dat)
SF-RU-0606	MISSION_TEXT	mission 18, entry 16	Command Computer	КОМПЬЮТЕР УПРАВЛЕНИЯ	proofread native override (replaces mission_menu.dat)
SF-RU-0607	MISSION_TEXT	mission 19, entry 01	Shut down power room	ОТКЛЮЧИТЬ ЭНЕРГОБЛОК	proofread native override (replaces mission_menu.dat)
SF-RU-0608	MISSION_TEXT	mission 19, entry 02	Reroute power to elevator	ПЕРЕНАПРАВИТЬ ПИТАНИЕ НА ЛИФТ	proofread native override (replaces mission_menu.dat)
SF-RU-0609	MISSION_TEXT	mission 19, entry 03	Access missile command computer	ПОЛУЧИТЬ ДОСТУП К КОМПЬЮТЕРУ УПРАВЛЕНИЯ РАКЕТОЙ	proofread native override (replaces mission_menu.dat)
SF-RU-0610	MISSION_TEXT	mission 19, entry 04	Retrieve missile destruct codes	ПОЛУЧИТЬ КОДЫ САМОУНИЧТОЖЕНИЯ РАКЕТЫ	proofread native override (replaces mission_menu.dat)
SF-RU-0611	MISSION_TEXT	mission 19, entry 05	Command computer must be accessed within 3 minutes after launch	ПОЛУЧИТЬ ДОСТУП К КОМПЬЮТЕРУ В ТЕЧЕНИЕ 3 МИНУТ ПОСЛЕ ЗАПУСКА	proofread native override (replaces mission_menu.dat)
SF-RU-0612	MISSION_TEXT	mission 19, entry 06	Destruct codes must be retrieved before the missile launches	ПОЛУЧИТЬ КОДЫ ДО ЗАПУСКА РАКЕТЫ	proofread native override (replaces mission_menu.dat)
SF-RU-0613	MISSION_TEXT	mission 19, entry 07	Do not shoot at the missile	НЕ СТРЕЛЯТЬ ПО РАКЕТЕ	proofread native override (replaces mission_menu.dat)
SF-RU-0614	MISSION_TEXT	mission 19, entry 08	No Power	НЕТ ПИТАНИЯ	proofread native override (replaces mission_menu.dat)
SF-RU-0615	MISSION_TEXT	mission 19, entry 09	Power Relay	СИЛОВОЕ РЕЛЕ	proofread native override (replaces mission_menu.dat)
SF-RU-0616	MISSION_TEXT	mission 19, entry 10	Elevator Control Panel	ПУЛЬТ УПРАВЛЕНИЯ ЛИФТОМ	proofread native override (replaces mission_menu.dat)
SF-RU-0617	MISSION_TEXT	mission 19, entry 11	Elevator activated	ЛИФТ ВКЛЮЧЁН	proofread native override (replaces mission_menu.dat)
SF-RU-0618	MISSION_TEXT	mission 19, entry 12	Control Panel	ПУЛЬТ УПРАВЛЕНИЯ	proofread native override (replaces mission_menu.dat)
SF-RU-0619	MISSION_TEXT	mission 19, entry 13	Safety Released	БЛОКИРОВКА СНЯТА	proofread native override (replaces mission_menu.dat)
SF-RU-0620	MISSION_TEXT	mission 19, entry 14	Need missile codes	НУЖНЫ КОДЫ САМОУНИЧТОЖЕНИЯ РАКЕТЫ	proofread native override (replaces mission_menu.dat)
SF-RU-0621	MISSION_TEXT	mission 19, entry 15	R-9 Devyatka Missile	РАКЕТА R-9 ДЕВЯТКА	proofread native override (replaces mission_menu.dat)
SF-RU-0622	MISSION_TEXT	mission 19, entry 16	Command Computer	КОМПЬЮТЕР УПРАВЛЕНИЯ	proofread native override (replaces mission_menu.dat)
SF-RU-0623	MISSION_TEXT	mission 20, entry 01	Shut down power room	ОТКЛЮЧИТЬ ЭНЕРГОБЛОК	proofread native override (replaces mission_menu.dat)
SF-RU-0624	MISSION_TEXT	mission 20, entry 02	Reroute power to elevator	ПЕРЕНАПРАВИТЬ ПИТАНИЕ НА ЛИФТ	proofread native override (replaces mission_menu.dat)
SF-RU-0625	MISSION_TEXT	mission 20, entry 03	Access missile command computer	ПОЛУЧИТЬ ДОСТУП К КОМПЬЮТЕРУ УПРАВЛЕНИЯ РАКЕТОЙ	proofread native override (replaces mission_menu.dat)
SF-RU-0626	MISSION_TEXT	mission 20, entry 04	Retrieve missile destruct codes	ПОЛУЧИТЬ КОДЫ САМОУНИЧТОЖЕНИЯ РАКЕТЫ	proofread native override (replaces mission_menu.dat)
SF-RU-0627	MISSION_TEXT	mission 20, entry 05	Command computer must be accessed within 3 minutes after launch	ПОЛУЧИТЬ ДОСТУП К КОМПЬЮТЕРУ В ТЕЧЕНИЕ 3 МИНУТ ПОСЛЕ ЗАПУСКА	proofread native override (replaces mission_menu.dat)
SF-RU-0628	MISSION_TEXT	mission 20, entry 06	Destruct codes must be retrieved before the missile launches	ПОЛУЧИТЬ КОДЫ ДО ЗАПУСКА РАКЕТЫ	proofread native override (replaces mission_menu.dat)
SF-RU-0629	MISSION_TEXT	mission 20, entry 07	Do not shoot at the missile	НЕ СТРЕЛЯТЬ ПО РАКЕТЕ	proofread native override (replaces mission_menu.dat)
SF-RU-0630	MISSION_TEXT	mission 20, entry 08	No Power	НЕТ ПИТАНИЯ	proofread native override (replaces mission_menu.dat)
SF-RU-0631	MISSION_TEXT	mission 20, entry 09	Power Relay	СИЛОВОЕ РЕЛЕ	proofread native override (replaces mission_menu.dat)
SF-RU-0632	MISSION_TEXT	mission 20, entry 10	Elevator Control Panel	ПУЛЬТ УПРАВЛЕНИЯ ЛИФТОМ	proofread native override (replaces mission_menu.dat)
SF-RU-0633	MISSION_TEXT	mission 20, entry 11	Elevator activated	ЛИФТ ВКЛЮЧЁН	proofread native override (replaces mission_menu.dat)
SF-RU-0634	MISSION_TEXT	mission 20, entry 12	Control Panel	ПУЛЬТ УПРАВЛЕНИЯ	proofread native override (replaces mission_menu.dat)
SF-RU-0635	MISSION_TEXT	mission 20, entry 13	Safety Released	БЛОКИРОВКА СНЯТА	proofread native override (replaces mission_menu.dat)
SF-RU-0636	MISSION_TEXT	mission 20, entry 14	Need missile codes	НУЖНЫ КОДЫ САМОУНИЧТОЖЕНИЯ РАКЕТЫ	proofread native override (replaces mission_menu.dat)
SF-RU-0637	MISSION_TEXT	mission 20, entry 15	R-9 Devyatka Missile	РАКЕТА R-9 ДЕВЯТКА	proofread native override (replaces mission_menu.dat)
SF-RU-0638	MISSION_TEXT	mission 20, entry 16	Command Computer	КОМПЬЮТЕР УПРАВЛЕНИЯ	proofread native override (replaces mission_menu.dat)
SF-RU-0639	BRIEFING	mission 01, location		ВАШИНГТОН, ОКРУГ КОЛУМБИЯ	proofread built-in briefing
SF-RU-0640	BRIEFING	mission 01, mission title		ДЖОРДЖИЯ-СТРИТ	proofread built-in briefing
SF-RU-0641	BRIEFING	mission 01, date/time		08/23 22:45	proofread built-in briefing
SF-RU-0642	BRIEFING	mission 01, directive		ДИРЕКТИВА АГЕНТСТВА:\n\nНАШ ИНФОРМАТОР В ФБР УСТАНОВИЛ МЕСТО ПЛАНИРУЕМОЙ ТЕРРОРИСТИЧЕСКОЙ АТАКИ С ПРИМЕНЕНИЕМ ВИРУСА - МЕТРО ВАШИНГТОНА. ИСТОЧНИКИ В МИНИСТЕРСТВЕ ОБОРОНЫ США И ИНТЕРПОЛЕ ПОДТВЕРДИЛИ ЛИЧНОСТИ ТЕРРОРИСТОВ. ВЫ БУДЕТЕ ВЫСАЖЕНЫ ПОСЛЕ НАЧАЛА ОПЕРАЦИИ КОМАНДОВАНИЯ ХИМИЧЕСКОЙ И БИОЛОГИЧЕСКОЙ ЗАЩИТЫ АРМИИ США (CBDC).	proofread built-in briefing
SF-RU-0643	BRIEFING	mission 01, additional directive		ВАШИ ЦЕЛИ - ЭРИХ РОМЕР, ПАВЕЛ КРАВИЧ, МАРА АРАМОВА И АНТОН ГИРДО. СПУТНИКОВАЯ СЛУЖБА ПЕРЕХВАТИЛА КОДИРОВАННЫЙ РАДИООБМЕН. В ЭТОМ РАЙОНЕ ДОЛЖНА НАХОДИТЬСЯ СТАНЦИЯ СВЯЗИ РОМЕРА. ПРИ НЕОБХОДИМОСТИ ПОМОГИТЕ СЛУЖБЕ CBDC. ПО ВОЗМОЖНОСТИ ИЗБЕГАЙТЕ ЖЕРТВ СРЕДИ МИРНЫХ ЖИТЕЛЕЙ. ДОПОЛНИТЕЛЬНЫЕ СВЕДЕНИЯ СМОТРИТЕ В СПИСКЕ ЦЕЛЕЙ.	proofread built-in briefing
SF-RU-0644	BRIEFING	mission 02, location		ВАШИНГТОН, ОКРУГ КОЛУМБИЯ	proofread built-in briefing
SF-RU-0645	BRIEFING	mission 02, mission title		РАЗРУШЕННОЕ МЕТРО	proofread built-in briefing
SF-RU-0646	BRIEFING	mission 02, date/time		08/23 23:45	proofread built-in briefing
SF-RU-0647	BRIEFING	mission 02, directive		СООБЩЕНИЕ ОТ ЭДВАРДА БЕНТОНА:\n\nТЕБЕ ПОВЕЗЛО ОСТАТЬСЯ В ЖИВЫХ. ДЕСЯТЬ КВАРТАЛОВ В ЦЕНТРЕ ВАШИНГТОНА ТОЛЬКО ЧТО ПРОВАЛИЛИСЬ НА ДВАДЦАТЬ ФУТОВ. ПОХОЖЕ, ЭРИХ РОМЕР ЗАМИНИРОВАЛ ВСЮ ПОДЗЕМКУ КАК ЧАСТЬ ПЛАНА ОТСТУПЛЕНИЯ.	proofread built-in briefing
SF-RU-0648	BRIEFING	mission 02, additional directive		СКОРЕЕ ВСЕГО, ТЫ СОРВАЛ ЕГО ГРАФИК, И ОН ВСЁ ЕЩЁ НАХОДИТСЯ РЯДОМ. МАРА АРАМОВА И АНТОН ГИРДО ТАКЖЕ НЕ НАЙДЕНЫ. НЕ ДАЙ ЭРИХУ РОМЕРУ ПОКИНУТЬ ТЕРМИНАЛ. УЧТИ: ТЫ ПОЛНОСТЬЮ ОТРЕЗАН ОТ ПОДКРЕПЛЕНИЙ.	proofread built-in briefing
SF-RU-0649	BRIEFING	mission 03, location		ВАШИНГТОН, ОКРУГ КОЛУМБИЯ	proofread built-in briefing
SF-RU-0650	BRIEFING	mission 03, mission title		ГЛАВНАЯ ЛИНИЯ МЕТРО	proofread built-in briefing
SF-RU-0651	BRIEFING	mission 03, date/time		08/24 00:30	proofread built-in briefing
SF-RU-0652	BRIEFING	mission 03, directive		СООБЩЕНИЕ ОТ ЭДВАРДА БЕНТОНА:\n\nЛОГАН, ПО ДАННЫМ РАЗВЕДКИ, РОМЕР ПОКИНУЛ МЕСТО ОПЕРАЦИИ. ГРУППА ДЖЕНКИНСА СТОЛКНУЛАСЬ С СЕРЬЁЗНЫМ СОПРОТИВЛЕНИЕМ В РАЙОНЕ ВАШИНГТОН-ПАРКА, А ПОЛИЦИЯ ОКРУГА КОЛУМБИЯ СООБЩАЕТ О ПЯТНАДЦАТИ ПОГИБШИХ СОТРУДНИКАХ. МЫ ОПАСАЕМСЯ, ЧТО УТЕЧКА В АГЕНТСТВЕ ВЫДАЛА ЕГО ПОЗИЦИЮ.	proofread built-in briefing
SF-RU-0653	BRIEFING	mission 03, additional directive		ИНТЕРПОЛ ПОДТВЕРДИЛ ЛИЧНОСТЬ МАРЫ АРАМОВОЙ. НЕ ДАЙ ЕЙ СКРЫТЬСЯ. ВНИМАНИЕ: ФЕДЕРАЛЬНОЕ АГЕНТСТВО ПО ЧРЕЗВЫЧАЙНЫМ СИТУАЦИЯМ ИСПОЛЬЗУЕТ ПУТИ ВОСТОЧНОГО НАПРАВЛЕНИЯ ДЛЯ ПЕРЕВОЗКИ СПАСАТЕЛЕЙ. НЕ ПРИМЕНЯЙ В ТОННЕЛЕ ВЗРЫВЧАТКУ, ИНАЧЕ ПОЕЗД СОЙДЁТ С РЕЛЬСОВ.	proofread built-in briefing
SF-RU-0654	BRIEFING	mission 04, location		ВАШИНГТОН, ОКРУГ КОЛУМБИЯ	proofread built-in briefing
SF-RU-0655	BRIEFING	mission 04, mission title		ВАШИНГТОН-ПАРК	proofread built-in briefing
SF-RU-0656	BRIEFING	mission 04, date/time		08/24 00:45	proofread built-in briefing
SF-RU-0657	BRIEFING	mission 04, directive		СООБЩЕНИЕ ОТ ЭДВАРДА БЕНТОНА:\n\nИЗМЕНЕНИЕ ЗАДАНИЯ: КОМАНДОВАНИЕ ХИМИЧЕСКОЙ И БИОЛОГИЧЕСКОЙ ЗАЩИТЫ ЗАПРОСИЛО ПРЯМОЕ ВМЕШАТЕЛЬСТВО И ПОМОЩЬ. НОВЫЕ ПРИКАЗЫ: НАЙТИ ВИРУСНЫЕ БОМБЫ, УСТАНОВИТЬ МАЯКИ, ДОЖДАТЬСЯ ПРИБЫТИЯ СЛУЖБЫ CBDC И ОБЕСПЕЧИТЬ ОГНЕВОЕ ПРИКРЫТИЕ. БОМБЫ ВЗОРВУТСЯ В ТЕЧЕНИЕ ЧАСА.	proofread built-in briefing
SF-RU-0658	BRIEFING	mission 04, additional directive		СОПРОТИВЛЕНИЕ ТЕРРОРИСТОВ ОЧЕНЬ СИЛЬНОЕ. ПО ДАННЫМ АГЕНТСТВА, ОПЕРАЦИЕЙ В ПАРКЕ РУКОВОДИТ АНТОН ГИРДО. БУДЬ ОСТОРОЖЕН. СВЯЗЬ С ГРУППОЙ ДЖЕНКИНСА ПОТЕРЯНА.	proofread built-in briefing
SF-RU-0659	BRIEFING	mission 05, location		ВАШИНГТОН, ОКРУГ КОЛУМБИЯ	proofread built-in briefing
SF-RU-0660	BRIEFING	mission 05, mission title		МЕМОРИАЛ СВОБОДЫ	proofread built-in briefing
SF-RU-0661	BRIEFING	mission 05, date/time		08/24 01:15	proofread built-in briefing
SF-RU-0662	BRIEFING	mission 05, directive		ПЕРЕДАНО РАЗВЕДКОЙ АГЕНТСТВА:\n\nСПУТНИК-ШПИОН ЗАВЕРШИЛ ПОДРОБНЫЙ АНАЛИЗ БРОНИ АНТОНА ГИРДО: ОНА НЕУЯЗВИМА ДЛЯ ОБЫЧНОГО ОРУЖИЯ. НАШИ СПЕЦИАЛИСТЫ ИЩУТ РЕШЕНИЕ, НО ВАШЕМУ АГЕНТУ, ВОЗМОЖНО, ПРИДЁТСЯ ИМПРОВИЗИРОВАТЬ И ИСКАТЬ СЛАБОЕ МЕСТО.	proofread built-in briefing
SF-RU-0663	BRIEFING	mission 05, additional directive		НАШ ДЕМИНЕР УСТАНОВИЛ: ЛЮБОЙ ВЗРЫВ ПРИВЕДЁТ В ДЕЙСТВИЕ ВИРУСНУЮ БОМБУ.	proofread built-in briefing
SF-RU-0664	BRIEFING	mission 06, location		НЬЮ-ЙОРК	proofread built-in briefing
SF-RU-0665	BRIEFING	mission 06, mission title		ПРИЁМНАЯ ЭКСПОЦЕНТРА	proofread built-in briefing
SF-RU-0666	BRIEFING	mission 06, date/time		08/25 19:00	proofread built-in briefing
SF-RU-0667	BRIEFING	mission 06, directive		СООБЩЕНИЕ ОТ ТОМАСА МАРКИНСОНА:\n\nЯ ОДОБРИЛ ТВОЙ ЗАПРОС НА ДОСТУП К ДОСЬЕ ФБР НА ДЖОНАТАНА ФЭЙГАНА. ВОЗМОЖНО, ТВОИ ПОДОЗРЕНИЯ ВЕРНЫ. ВЕЧЕРНИЙ ПРИЕМ ФАРКОМ МОЖЕТ БЫТЬ ПРИКРЫТИЕМ ДЛЯ ВСТРЕЧИ ФЭЙГАНА С РОМЕРОМ. НЕ ВЫПУСКАЙ ФЭЙГАНА ИЗ ВИДУ.	proofread built-in briefing
SF-RU-0668	BRIEFING	mission 06, additional directive		ТЕБЯ НЕ ДОЛЖНЫ ЗАМЕТИТЬ ИЛИ ЗАХВАТИТЬ. ОХРАНУ ФЭЙГАНА РАЗРЕШЕНО УСТРАНЯТЬ, НО ТОЛЬКО ИЗ ОРУЖИЯ С ГЛУШИТЕЛЕМ. ПОСЛЕ НАБЛЮДЕНИЯ ЗА ВСТРЕЧЕЙ ЗАХВАТИ ФЭЙГАНА ЖИВЫМ ЛЮБОЙ ЦЕНОЙ. ОФИЦИАЛЬНО АГЕНТСТВО НИЧЕГО ОБ ЭТОМ НЕ ЗНАЕТ.	proofread built-in briefing
SF-RU-0669	BRIEFING	mission 07, location		НЬЮ-ЙОРК	proofread built-in briefing
SF-RU-0670	BRIEFING	mission 07, mission title		ДИНОРАМА ЭКСПОЦЕНТРА	proofread built-in briefing
SF-RU-0671	BRIEFING	mission 07, date/time		08/25 19:15	proofread built-in briefing
SF-RU-0672	BRIEFING	mission 07, directive		СООБЩЕНИЕ ОТ ЛИАН СИН:\n\nАРАМОВА ДОПРАШИВАЕТ ФЭЙГАНА У ЭКСПОЗИЦИИ ДИНОЗАВРОВ. АУДИОКАНАЛЫ ПРОПАДАЮТ, НО ОНА ПОСТОЯННО УПОМИНАЕТ СИФОН ФИЛЬТР.	proofread built-in briefing
SF-RU-0673	BRIEFING	mission 07, additional directive		У МАРЫ АРАМОВОЙ И ДЖОНАТАНА ФЭЙГАНА ЕСТЬ НУЖНЫЕ НАМ СВЕДЕНИЯ. ТЫ ДОЛЖЕН ПОМЕШАТЬ АРАМОВОЙ УБИТЬ ФЭЙГАНА, НО АРАМОВА ТАКЖЕ ДОЛЖНА УЦЕЛЕТЬ.	proofread built-in briefing
SF-RU-0674	BRIEFING	mission 08, location		РОЗОВКА, КАЗАХСТАН	proofread built-in briefing
SF-RU-0675	BRIEFING	mission 08, mission title		БАЗА РОМЕРА	proofread built-in briefing
SF-RU-0676	BRIEFING	mission 08, date/time		09/01 21:00	proofread built-in briefing
SF-RU-0677	BRIEFING	mission 08, directive		СООБЩЕНИЕ ОТ ТОМАСА МАРКИНСОНА:\n\nЯ ЗНАЮ, ЧТО ПОДОБНЫЕ ВОЕННЫЕ ОПЕРАЦИИ ОБЫЧНО ПРОВОДЯТ НАШИ АГЕНТЫ ИЗ АРМЕЙСКИХ РЕЙНДЖЕРОВ, НО ПО ОЧЕВИДНЫМ ПРИЧИНАМ Я ПОРУЧАЮ ЭТО ТЕБЕ: НАЙДИ И СОСТАВЬ ОПИСЬ РАКЕТНОГО АРСЕНАЛА БАЗЫ, УСТАНОВИ ЗАРЯДЫ C4 В КЛЮЧЕВЫХ ТОЧКАХ И УСТРАНИ ГАБРЕКА, КОМАНДИРА БАЗЫ.	proofread built-in briefing
SF-RU-0678	BRIEFING	mission 08, additional directive		ОТКЛЮЧИ РАДАР ПРОТИВОВОЗДУШНОЙ ОБОРОНЫ БАЗЫ, ЧТОБЫ ЛИАН МОГЛА НАЧАТЬ ЭВАКУАЦИЮ. ПОСЛЕ УСТАНОВКИ ВЗРЫВЧАТКИ У ТЕБЯ ОСТАНЕТСЯ МАЛО ВРЕМЕНИ, ЧТОБЫ ДОБРАТЬСЯ ДО ТОЧКИ ЭВАКУАЦИИ.	proofread built-in briefing
SF-RU-0679	BRIEFING	mission 09, location		РОЗОВКА, КАЗАХСТАН	proofread built-in briefing
SF-RU-0680	BRIEFING	mission 09, mission title		БУНКЕР БАЗЫ	proofread built-in briefing
SF-RU-0681	BRIEFING	mission 09, date/time		09/01 21:30	proofread built-in briefing
SF-RU-0682	BRIEFING	mission 09, directive		СООБЩЕНИЕ ОТ ЛИАН СИН:\n\nГЕЙБ, ВСЕ УСТАНОВЛЕННЫЕ ТОБОЙ ЗАРЯДЫ ВЗВЕДЕНЫ И ГОТОВЫ К ПОДРЫВУ. ТЕПЕРЬ НУЖНО ТОЛЬКО ЗАРЕГИСТРИРОВАТЬ РАКЕТЫ SS-23 И ДОБРАТЬСЯ ДО КРЫШИ. ПО МЕРЕ ПРОВЕРКИ КАЖДОЙ РАКЕТЫ Я БУДУ ПЕРЕДАВАТЬ КОДЫ ЗАПУСКА В ШТАБ. НЕ ЗАКРЫВАЙ КАНАЛ СВЯЗИ.	proofread built-in briefing
SF-RU-0683	BRIEFING	mission 09, additional directive		ПРИ ВХОДЕ В БУНКЕР СРАБОТАЛ ДАТЧИК ДВИЖЕНИЯ. БАЗА ПОДНЯТА ПО ТРЕВОГЕ, ПОЭТОМУ ВЕРНУТЬСЯ НА ПОВЕРХНОСТЬ ПРЕЖНИМ ПУТЁМ НЕ УДАСТСЯ. НА СПУТНИКОВЫХ СНИМКАХ ВИДЕН ГРУЗОВОЙ ЛИФТ НА КРЫШЕ. ВЕРОЯТНО, ОН СВЯЗАН С БУНКЕРОМ. ЭТО ТВОЙ ПУТЬ НАРУЖУ.	proofread built-in briefing
SF-RU-0684	BRIEFING	mission 10, location		РОЗОВКА, КАЗАХСТАН	proofread built-in briefing
SF-RU-0685	BRIEFING	mission 10, mission title		БАШНЯ БАЗЫ	proofread built-in briefing
SF-RU-0686	BRIEFING	mission 10, date/time		09/01 21:40	proofread built-in briefing
SF-RU-0687	BRIEFING	mission 10, directive		СООБЩЕНИЕ ОТ ЛИАН СИН:\n\nПАТРУЛИ РОМЕРА ОБНАРУЖИЛИ МЕНЯ И ОТКРЫЛИ ПЛОТНЫЙ ОГОНЬ. ТЕБЕ ЛУЧШЕ СКОРЕЕ ОТКЛЮЧИТЬ РАДАР, ИНАЧЕ Я НЕ СМОГУ ВЗЛЕТЕТЬ. ПАНЕЛЬ УПРАВЛЕНИЯ ДОЛЖНА НАХОДИТЬСЯ У ЕГО ОСНОВАНИЯ.	proofread built-in briefing
SF-RU-0688	BRIEFING	mission 10, additional directive		ГРУППА ТОМАСА МАРКИНСОНА БУДЕТ НАГОТОВЕ НА СЛУЧАЙ НЕПРЕДВИДЕННОГО. ПОТОРОПИСЬ, ГЕЙБ.	proofread built-in briefing
SF-RU-0689	BRIEFING	mission 11, location		РОЗОВКА, КАЗАХСТАН	proofread built-in briefing
SF-RU-0690	BRIEFING	mission 11, mission title		ПОБЕГ С БАЗЫ	proofread built-in briefing
SF-RU-0691	BRIEFING	mission 11, date/time		09/01 21:45	proofread built-in briefing
SF-RU-0692	BRIEFING	mission 11, directive		СООБЩЕНИЕ ОТ ТОМАСА МАРКИНСОНА:\n\nТАЙМЕРЫ НА УСТАНОВЛЕННОЙ ТОБОЙ ВЗРЫВЧАТКЕ ЗАПУЩЕНЫ. КОГДА ЗАРЯДЫ СРАБОТАЮТ, ОСТАНЕТСЯ ВОРОНКА ШИРИНОЙ В МИЛЮ. НАШ ВЕРТОЛЁТ ЗАБЕРЁТ ТЕБЯ У ГЛАВНЫХ ВОРОТ, КАК ТОЛЬКО ТЫ ДОБЕРЕШСЯ ДО НИХ. ПОТОРОПИСЬ, У НАС МАЛО ВРЕМЕНИ!	proofread built-in briefing
SF-RU-0693	BRIEFING	mission 11, additional directive		Я ОТПРАВИЛ ГРУППУ К ТОЧКЕ ВСТРЕЧИ С ЛИАН СИН. ОНИ НАШЛИ ТОЛЬКО ГОРЯЩИЕ ОБЛОМКИ. ЭРИХ РОМЕР ДОРОГО ЗА ЭТО ЗАПЛАТИТ И ОЧЕНЬ СКОРО.	proofread built-in briefing
SF-RU-0694	BRIEFING	mission 12, location		УЖГОРОД, УКРАИНА	proofread built-in briefing
SF-RU-0695	BRIEFING	mission 12, mission title		КРЕПОСТЬ РОМЕРА	proofread built-in briefing
SF-RU-0696	BRIEFING	mission 12, date/time		09/07 06:30	proofread built-in briefing
SF-RU-0697	BRIEFING	mission 12, directive		СООБЩЕНИЕ ОТ ТОМАСА МАРКИНСОНА:\n\nТЕБЕ НУЖНО СПУСТИТЬСЯ В КАТАКОМБЫ, ГДЕ ДЕРЖАТ ФЭЙГАНА. ПО ПУТИ УСТРАНИ ВСЕХ УЧЁНЫХ ФАРКОМ: Я ХОЧУ ПОЛНОСТЬЮ ПРЕКРАТИТЬ ИХ ДЕЯТЕЛЬНОСТЬ ЗДЕСЬ.	proofread built-in briefing
SF-RU-0698	BRIEFING	mission 12, additional directive		НАШИ ЛАБОРАТОРИИ ПОДГОТОВИЛИ АНТИГЕН, КОТОРЫЙ СДЕРЖИВАЕТ ДЕЙСТВИЕ ВИРУСА. ВВЕДИ ЕГО КАЖДОМУ НАЙДЕННОМУ ПОДОПЫТНОМУ. АГЕНТСТВУ НУЖНЫ ЭТИ ЛЮДИ ЖИВЫМИ, ПОЭТОМУ СДЕЛАЙ ВСЁ ВОЗМОЖНОЕ ДЛЯ ИХ СПАСЕНИЯ.	proofread built-in briefing
SF-RU-0699	BRIEFING	mission 13, location		УЖГОРОД, УКРАИНА	proofread built-in briefing
SF-RU-0700	BRIEFING	mission 13, mission title		НИЖНИЙ УРОВЕНЬ КРЕПОСТИ	proofread built-in briefing
SF-RU-0701	BRIEFING	mission 13, date/time		09/07 07:15	proofread built-in briefing
SF-RU-0702	BRIEFING	mission 13, directive		СООБЩЕНИЕ ОТ ТОМАСА МАРКИНСОНА:\n\nИНЦИДЕНТ В КАЗАХСТАНЕ ВЫЗВАЛ СКАНДАЛ В ГОСДЕПАРТАМЕНТЕ, А СОВЕТ ООН В ЯРОСТИ. АГЕНТСТВО, РАЗУМЕЕТСЯ, ПЕРЕКЛАДЫВАЕТ ВИНУ НА КОМАНДОВАНИЕ НАТО. СЕЙЧАС ТЫ НА ПОЛПУТИ ЧЕРЕЗ КРЕПОСТЬ РОМЕРА. ПО СХЕМАМ ИНТЕРПОЛА ВХОД В КАТАКОМБЫ, ВЕРОЯТНО, НАХОДИТСЯ В ЧАСОВНЕ РОЗ. НАЙДИ ЭТУ ЧАСОВНЮ.	proofread built-in briefing
SF-RU-0703	BRIEFING	mission 13, additional directive		ВСЕ ЦЕЛИ МИССИИ ОСТАЮТСЯ В СИЛЕ: ЛИКВИДИРУЙ УЧЁНЫХ ФАРКОМ, ВВЕДИ АНТИГЕН ПОДОПЫТНЫМ И НАЙДИ ДЖОНАТАНА ФЭЙГАНА.	proofread built-in briefing
SF-RU-0704	BRIEFING	mission 14, location		УЖГОРОД, УКРАИНА	proofread built-in briefing
SF-RU-0705	BRIEFING	mission 14, mission title		КАТАКОМБЫ КРЕПОСТИ	proofread built-in briefing
SF-RU-0706	BRIEFING	mission 14, date/time		09/07 08:00	proofread built-in briefing
SF-RU-0707	BRIEFING	mission 14, directive		СООБЩЕНИЕ ОТ ТОМАСА МАРКИНСОНА:\n\nЕСЛИ ЭТИ КАТАКОМБЫ ПОХОЖИ НА ТЕ, ЧТО МЫ ЗАКРЫЛИ ПОД ПАРИЖЕМ, ТО ДЛЯ ОХРАНЫ РОМЕР ИСПОЛЬЗУЕТ СИСТЕМУ РАСПОЗНАВАНИЯ ЛАДОНИ. ТЕБЕ ПРИДЁТСЯ ПРОСЛЕДОВАТЬ ЗА ОХРАННИКОМ ИЛИ СОТРУДНИКОМ ЛАБОРАТОРИИ РОМЕРА ДО КАМЕРЫ ФЭЙГАНА И ДОЖДАТЬСЯ, ПОКА ОН ОТКРОЕТ ДВЕРЬ. ПОМНИ: ФЭЙГАН НУЖЕН МНЕ ЖИВЫМ.	proofread built-in briefing
SF-RU-0708	BRIEFING	mission 14, additional directive		АГЕНТСТВО ПРЕКРАТИЛО КОНТАКТЫ С ГОСДЕПАРТАМЕНТОМ. НЕ ОТВЕЧАЙ НА СООБЩЕНИЯ ОТ ДРУГИХ СОТРУДНИКОВ АГЕНТСТВА. У НАС КОНЧАЕТСЯ ВРЕМЯ.	proofread built-in briefing
SF-RU-0709	BRIEFING	mission 15, location		АЛМАТЫ, КАЗАХСТАН	proofread built-in briefing
SF-RU-0710	BRIEFING	mission 15, mission title		СКЛАДЫ ФАРКОМ	proofread built-in briefing
SF-RU-0711	BRIEFING	mission 15, date/time		09/08 03:00	proofread built-in briefing
SF-RU-0712	BRIEFING	mission 15, directive		СООБЩЕНИЕ ОТ ЛИАН СИН:\n\nЛЮДИ РОМЕРА КРУПНЫМИ СИЛАМИ АТАКУЮТ СКЛАДСКОЙ РАЙОН ФЭЙГАНА. ТЫ ДОЛЖЕН ДОБРАТЬСЯ ДО ЦЕНТРАЛЬНЫХ КОМПЬЮТЕРОВ ШАХТЫ РАНЬШЕ НИХ. СПУТНИКИ АГЕНТСТВА НЕ РАБОТАЮТ, НО АРАМОВА УВЕРЯЕТ, ЧТО ПОПАСТЬ В ШАХТУ МОЖНО ТОЛЬКО ЧЕРЕЗ СЛУЖЕБНЫЕ ЛИФТЫ НА СКЛАДЕ 76. КОДЫ ДОСТУПА ЕСТЬ У ЭРИКСОНА - СНАЧАЛА НАЙДИ ЕГО.	proofread built-in briefing
SF-RU-0713	BRIEFING	mission 15, additional directive		НА ЭТОМ СКЛАДЕ ФАРКОМ СОБИРАЛА ТЕЛА, КОТОРЫЕ ИСПОЛЬЗОВАЛИСЬ ДЛЯ ПЕРЕВОЗКИ ВИРУСА. УСТАНОВИ МАЯК НА КАЖДОМ НАЙДЕННОМ ТЕЛЕ, ЧТОБЫ АГЕНТСТВО ДОСТАВИЛО ИХ НА ОБЪЕКТ БИОЛОГИЧЕСКОЙ ЗАЩИТЫ ПЯТОГО УРОВНЯ ДЛЯ УНИЧТОЖЕНИЯ.	proofread built-in briefing
SF-RU-0714	BRIEFING	mission 16, location		АЛМАТЫ, КАЗАХСТАН	proofread built-in briefing
SF-RU-0715	BRIEFING	mission 16, mission title		ЭЛИТНАЯ ОХРАНА ФАРКОМ	proofread built-in briefing
SF-RU-0716	BRIEFING	mission 16, date/time		09/08 03:25	proofread built-in briefing
SF-RU-0717	BRIEFING	mission 16, directive		СООБЩЕНИЕ ОТ ЛИАН СИН:\n\nЯ ВСЁ ЕЩЁ НЕ МОГУ СВЯЗАТЬСЯ С МАРКИНСОНОМ, НО ВЗЛОМАЛА ЕВРОПЕЙСКУЮ КОМПЬЮТЕРНУЮ СЕТЬ АГЕНТСТВА. ПЛОХИЕ НОВОСТИ: СКОРЕЕ ВСЕГО, ТЕБЕ ПРИДЁТСЯ СТОЛКНУТЬСЯ С ЭЛИТНОЙ ОХРАНОЙ ФАРКОМ - ОТЛИЧНО ОБУЧЕННОЙ И ВООРУЖЁННОЙ. ДАЖЕ ЛЮДИ РОМЕРА ЕЩЁ НЕ ПРОРВАЛИ ИХ ПЕРИМЕТР.	proofread built-in briefing
SF-RU-0718	BRIEFING	mission 16, additional directive		ПО ВОЗМОЖНОСТИ ИЗБЕГАЙ ОТКРЫТЫХ ПЕРЕСТРЕЛОК. СКЛАД 76 ДОЛЖЕН НАХОДИТЬСЯ К ЮГУ ОТ ТЕБЯ. ГДЕ, ЧЁРТ ВОЗЬМИ, ПОДКРЕПЛЕНИЕ АГЕНТСТВА? НАТО СЧИТАЕТ, ЧТО НАЧАЛАСЬ ГРАЖДАНСКАЯ ВОЙНА, НО НАМ НИКТО НЕ ПОМОГАЕТ.	proofread built-in briefing
SF-RU-0719	BRIEFING	mission 17, location		АЛМАТЫ, КАЗАХСТАН	proofread built-in briefing
SF-RU-0720	BRIEFING	mission 17, mission title		СКЛАД 76	proofread built-in briefing
SF-RU-0721	BRIEFING	mission 17, date/time		09/08 04:00	proofread built-in briefing
SF-RU-0722	BRIEFING	mission 17, directive		СООБЩЕНИЕ ОТ ЛИАН СИН:\n\nВЕСЬ СКЛАДСКОЙ РАЙОН ОХВАЧЕН ОГНЁМ. НУЖНО НАЙТИ ГРУЗОВОЙ ЛИФТ, ПРЕЖДЕ ЧЕМ СКЛАД 76 РУХНЕТ ВОКРУГ ТЕБЯ. ПО СЛОВАМ АРАМОВОЙ, ОН НАХОДИТСЯ В ЮГО-ВОСТОЧНОМ УГЛУ ЗДАНИЯ. ВРЕМЕНИ ПОЧТИ НЕТ.	proofread built-in briefing
SF-RU-0723	BRIEFING	mission 17, additional directive		Я ПРОВЕЛА ЭКСПРЕСС-АНАЛИЗ СЫВОРОТКИ, КОТОРУЮ ТОМАС МАРКИНСОН ПРИКАЗАЛ ВВОДИТЬ ПОДОПЫТНЫМ В КРЕПОСТИ ЭРИХА РОМЕРА. ГЕЙБ, ЭТО БЫЛА НЕ ВАКЦИНА, А КОНЦЕНТРИРОВАННЫЙ ХЛОРИД КАЛИЯ, КОТОРЫЙ ИСПОЛЬЗУЮТ ДЛЯ СМЕРТЕЛЬНЫХ ИНЪЕКЦИЙ. МАРКИНСОН ЗАСТАВИЛ ТЕБЯ УБИТЬ ЭТИХ ЛЮДЕЙ.	proofread built-in briefing
SF-RU-0724	BRIEFING	mission 18, location		АЛМАТЫ, КАЗАХСТАН	proofread built-in briefing
SF-RU-0725	BRIEFING	mission 18, mission title		ТОННЕЛИ К РАКЕТНОЙ ШАХТЕ	proofread built-in briefing
SF-RU-0726	BRIEFING	mission 18, date/time		09/08 04:15	proofread built-in briefing
SF-RU-0727	BRIEFING	mission 18, directive		СООБЩЕНИЕ ОТ ЛИАН СИН:\n\nПО СЛОВАМ АРАМОВОЙ, ВХОД В РАКЕТНУЮ ШАХТУ НАХОДИТСЯ ГДЕ-ТО ВНИЗУ. ИДИ ПО ГЛАВНОМУ ТОННЕЛЮ: ОН ЗАКАНЧИВАЕТСЯ У ЛИФТА ШАХТЫ. ИЗ-ЗА ПОЖАРА НАВЕРХУ НЕКОТОРЫЕ ЛИФТЫ МОГУТ НЕ РАБОТАТЬ.	proofread built-in briefing
SF-RU-0728	BRIEFING	mission 18, additional directive		Я ПЕРЕХВАТЫВАЮ ПАНИЧЕСКИЙ РАДИООБМЕН КОМАНДОВАНИЯ НАТО, НО ПО-ПРЕЖНЕМУ НЕ МОГУ СВЯЗАТЬСЯ НИ С КЕМ В АГЕНТСТВЕ.	proofread built-in briefing
SF-RU-0729	BRIEFING	mission 19, location		АЛМАТЫ, КАЗАХСТАН	proofread built-in briefing
SF-RU-0730	BRIEFING	mission 19, mission title		ОБЕСТОЧЕННЫЕ ТОННЕЛИ	proofread built-in briefing
SF-RU-0731	BRIEFING	mission 19, date/time		09/08 04:45	proofread built-in briefing
SF-RU-0732	BRIEFING	mission 19, directive		СООБЩЕНИЕ ОТ ЛИАН СИН:\n\nЭЛЕКТРОСЕТЬ ТОННЕЛЕЙ ПОЛНОСТЬЮ ОТКЛЮЧЕНА, ПОЭТОМУ ЛАЗЕРНЫЕ ЗАГРАЖДЕНИЯ ДОЛЖНЫ ИСЧЕЗНУТЬ. У ШАХТЫ СОБСТВЕННЫЙ ИСТОЧНИК ПИТАНИЯ, ТАК ЧТО ТЫ ВСЁ ЕЩЁ СМОЖЕШЬ ПОЛУЧИТЬ ДОСТУП К ГЛАВНЫМ КОМПЬЮТЕРАМ И СКАЧАТЬ ДАННЫЕ ФАРКОМ О СЕКВЕНИРОВАНИИ ДНК.	proofread built-in briefing
SF-RU-0733	BRIEFING	mission 19, additional directive		ОТТУДА ДОЛЖЕН БЫТЬ ПРЯМОЙ ПУТЬ К ШАХТЕ, ЕСЛИ УДАСТСЯ ВЫБРАТЬСЯ ИЗ ЭНЕРГЕТИЧЕСКОЙ. И, ГЕЙБ, ЛЮДЕЙ РОМЕРА ВСЁ ЕЩЁ БОЛЬШЕ. ВОЗМОЖНО, ТЕБЕ СТОИТ ВОСПОЛЬЗОВАТЬСЯ ОГРАНИЧЕННОЙ ВИДИМОСТЬЮ В СВОИХ ИНТЕРЕСАХ.	proofread built-in briefing
SF-RU-0734	BRIEFING	mission 20, location		АЛМАТЫ, КАЗАХСТАН	proofread built-in briefing
SF-RU-0735	BRIEFING	mission 20, mission title		РАКЕТНАЯ ШАХТА	proofread built-in briefing
SF-RU-0736	BRIEFING	mission 20, date/time		09/08 05:00	proofread built-in briefing
SF-RU-0737	BRIEFING	mission 20, directive		СООБЩЕНИЕ ОТ ЛИАН СИН:\n\nТЫ БЫЛ ПРАВ. ПРОЦЕДУРА ЗАПУСКА ДЕВЯТКИ УЖЕ НАЧАЛАСЬ, И МЫ НЕ МОЖЕМ ЕЁ ОСТАНОВИТЬ. ТЕБЕ ПРИДЁТСЯ НАЙТИ КОДЫ САМОУНИЧТОЖЕНИЯ РАКЕТЫ НА ЕЁ КОРПУСЕ И ВВЕСТИ ИХ В ГЛАВНЫЙ ПУСКОВОЙ КОМПЬЮТЕР. ТОГДА МЫ СМОЖЕМ ПОДОРВАТЬ ЕЁ В ВЕРХНИХ СЛОЯХ АТМОСФЕРЫ.	proofread built-in briefing
SF-RU-0738	BRIEFING	mission 20, additional directive		В ПОМЕЩЕНИИ С ГЛАВНЫМ КОМПЬЮТЕРОМ КОМАНДОВАНИЯ ТАКЖЕ НАХОДЯТСЯ ГЕНЕТИЧЕСКИЕ КОДЫ ВИРУСА СИФОН ФИЛЬТР.	proofread built-in briefing
SF-RU-0739	GRAPHIC_TEXT_ASSET	assets\\locales\\ru-vit\\maps\\0\\MAP1.TIM		[текст встроен в изображение TIM; проверяется визуально]	binary image asset
SF-RU-0740	GRAPHIC_TEXT_ASSET	assets\\locales\\ru-vit\\maps\\0\\MAP2.TIM		[текст встроен в изображение TIM; проверяется визуально]	binary image asset
SF-RU-0741	GRAPHIC_TEXT_ASSET	assets\\locales\\ru-vit\\maps\\0\\MAP3.TIM		[текст встроен в изображение TIM; проверяется визуально]	binary image asset
SF-RU-0742	GRAPHIC_TEXT_ASSET	assets\\locales\\ru-vit\\maps\\1\\MAP1.TIM		[текст встроен в изображение TIM; проверяется визуально]	binary image asset
SF-RU-0743	GRAPHIC_TEXT_ASSET	assets\\locales\\ru-vit\\maps\\1\\MAP2.TIM		[текст встроен в изображение TIM; проверяется визуально]	binary image asset
SF-RU-0744	GRAPHIC_TEXT_ASSET	assets\\locales\\ru-vit\\maps\\1\\MAP3.TIM		[текст встроен в изображение TIM; проверяется визуально]	binary image asset
SF-RU-0745	GRAPHIC_TEXT_ASSET	assets\\locales\\ru-vit\\maps\\10\\MAP1.TIM		[текст встроен в изображение TIM; проверяется визуально]	binary image asset
SF-RU-0746	GRAPHIC_TEXT_ASSET	assets\\locales\\ru-vit\\maps\\11\\MAP1.TIM		[текст встроен в изображение TIM; проверяется визуально]	binary image asset
SF-RU-0747	GRAPHIC_TEXT_ASSET	assets\\locales\\ru-vit\\maps\\12\\MAP1.TIM		[текст встроен в изображение TIM; проверяется визуально]	binary image asset
SF-RU-0748	GRAPHIC_TEXT_ASSET	assets\\locales\\ru-vit\\maps\\14\\MAP1.TIM		[текст встроен в изображение TIM; проверяется визуально]	binary image asset
SF-RU-0749	GRAPHIC_TEXT_ASSET	assets\\locales\\ru-vit\\maps\\15\\MAP1.TIM		[текст встроен в изображение TIM; проверяется визуально]	binary image asset
SF-RU-0750	GRAPHIC_TEXT_ASSET	assets\\locales\\ru-vit\\maps\\16\\MAP1.TIM		[текст встроен в изображение TIM; проверяется визуально]	binary image asset
SF-RU-0751	GRAPHIC_TEXT_ASSET	assets\\locales\\ru-vit\\maps\\19\\MAP1.TIM		[текст встроен в изображение TIM; проверяется визуально]	binary image asset
SF-RU-0752	GRAPHIC_TEXT_ASSET	assets\\locales\\ru-vit\\maps\\19\\MAP2.TIM		[текст встроен в изображение TIM; проверяется визуально]	binary image asset
SF-RU-0753	GRAPHIC_TEXT_ASSET	assets\\locales\\ru-vit\\maps\\2\\MAP1.TIM		[текст встроен в изображение TIM; проверяется визуально]	binary image asset
SF-RU-0754	GRAPHIC_TEXT_ASSET	assets\\locales\\ru-vit\\maps\\3\\MAP1.TIM		[текст встроен в изображение TIM; проверяется визуально]	binary image asset
SF-RU-0755	GRAPHIC_TEXT_ASSET	assets\\locales\\ru-vit\\maps\\5\\MAP1.TIM		[текст встроен в изображение TIM; проверяется визуально]	binary image asset
SF-RU-0756	GRAPHIC_TEXT_ASSET	assets\\locales\\ru-vit\\maps\\6\\MAP1.TIM		[текст встроен в изображение TIM; проверяется визуально]	binary image asset
SF-RU-0757	GRAPHIC_TEXT_ASSET	assets\\locales\\ru-vit\\maps\\7\\MAP1.TIM		[текст встроен в изображение TIM; проверяется визуально]	binary image asset
SF-RU-0758	GRAPHIC_TEXT_ASSET	assets\\locales\\ru-vit\\maps\\9\\MAP1.TIM		[текст встроен в изображение TIM; проверяется визуально]	binary image asset
SF-RU-0759	GRAPHIC_TEXT_ASSET	assets\\locales\\ru-vit\\title\\LOAD.TIM		[текст встроен в изображение TIM; проверяется визуально]	binary image asset
SF-RU-0760	GRAPHIC_TEXT_ASSET	assets\\locales\\ru-vit\\title\\NEW.TIM		[текст встроен в изображение TIM; проверяется визуально]	binary image asset
SF-RU-0761	GRAPHIC_TEXT_ASSET	assets\\locales\\ru-vit\\title\\SEARCH.TIM		[текст встроен в изображение TIM; проверяется визуально]	binary image asset
SF-RU-0762	GRAPHIC_TEXT_ASSET	assets\\locales\\ru-vit\\title\\VIDEO.TIM		[текст встроен в изображение TIM; проверяется визуально]	binary image asset
